"Max_temperature","Min_temperature","Dewpoint","Precipitation","Sea_level_pressure","Standard_pressure","Visibility","Wind_speed","Max_wind_speed","Mean_temperature"
88.2,57.2,53.6,0.0,29.96,7.3,9.09,16.1,34.28,74.3
88.0,58.6,54.9,0.0,29.84,7.3,10.7,18.3,34.28,75.2
91.6,62.1,60.4,0.0,29.76,7.2,8.29,18.3,34.28,76.1
64.4,42.8,37.4,0.2,30.15,7.8,21.1,27.5,34.28,47.1
94.1,72.3,46.8,0.0,29.86,7.2,17.2,25.3,34.28,83.9
81.3,62.6,37.4,0.0,30.01,6.8,21.2,27.5,34.28,70.8
62.6,53.6,51.4,0.2,29.8,7.9,17.0,25.3,32.22,59.7
53.6,35.6,30.3,0.0,30.13,7.6,16.1,20.8,34.28,44.9
53.4,44.1,45.4,0.0,29.97,7.7,9.09,16.1,34.28,47.8
91.4,59.9,54.1,0.0,29.79,7.3,7.37,20.8,34.28,77.8
61.2,45.3,43.8,0.6,29.94,7.8,9.67,16.1,34.28,53.7
47.1,32.9,27.4,0.0,29.95,7.3,16.6,25.3,29.92,40.1
101.0,69.4,57.9,0.0,29.76,7.3,6.44,16.1,34.28,85.5
72.3,42.6,42.6,0.0,30.02,7.2,7.02,16.1,34.28,57.4
42.8,33.8,27.6,0.0,29.73,7.1,28.6,34.4,50.52,36.9
71.6,46.4,49.1,0.0,30.12,7.4,4.49,9.21,34.28,58.5
85.5,47.8,47.4,0.0,30.09,7.3,4.37,16.1,34.28,64.7
59.4,39.9,46.5,0.8,29.89,7.8,10.0,16.1,34.28,50.1
46.6,41.0,40.3,0.2,30.28,6.2,9.55,18.3,34.28,43.7
60.8,34.2,37.0,0.0,29.97,7.8,2.65,9.21,34.28,47.4
100.0,65.5,56.5,0.0,29.87,7.3,7.6,18.3,34.28,83.2
59.2,51.3,51.6,0.3,29.72,7.8,5.64,9.21,34.28,54.3
46.4,30.2,28.1,0.1,30.12,7.3,10.8,20.8,34.28,36.9
74.5,48.2,59.8,0.1,30.08,7.6,6.56,18.3,34.28,63.2
73.4,50.0,46.2,0.0,30.07,7.2,14.0,23.0,34.28,61.2
52.2,40.8,42.4,0.1,29.66,4.9,7.94,13.8,34.28,46.3
77.0,62.6,58.8,0.09,29.82,7.9,11.8,18.3,34.28,69.6
50.0,37.2,30.9,0.0,30.17,7.3,18.9,57.4,34.28,42.0
75.9,51.1,53.7,0.0,29.8,7.3,9.09,23.0,34.28,63.5
94.1,71.4,51.3,0.0,29.77,7.1,15.5,23.0,34.28,83.0
79.3,43.2,58.4,0.0,29.93,7.2,8.75,16.1,34.28,66.5
50.0,38.1,32.2,0.0,30.07,7.7,16.6,25.3,34.28,43.7
93.2,66.7,50.8,0.0,29.72,7.0,13.6,27.5,34.28,81.5
87.8,61.7,61.0,0.0,29.95,7.2,5.75,16.1,34.28,73.6
86.0,60.8,59.2,0.0,29.89,7.3,12.7,23.0,34.28,76.8
64.4,46.4,47.7,0.0,29.96,7.5,11.8,18.3,34.28,56.1
57.4,37.4,32.0,0.0,30.01,7.1,12.6,20.8,34.28,47.9
51.8,42.8,42.0,0.0,30.04,7.7,13.2,18.3,34.28,48.0
64.4,47.7,45.8,0.0,30.08,7.3,13.3,20.8,34.28,56.1
88.9,70.0,54.6,0.0,29.91,7.0,16.5,23.0,34.28,79.8
95.2,75.4,62.8,0.0,29.83,7.4,16.9,23.0,34.28,85.4
54.0,44.6,35.7,0.0,30.06,7.6,24.2,59.7,34.28,48.4
83.1,66.2,57.6,0.0,29.92,7.4,19.1,23.0,34.41,74.1
83.5,56.5,52.9,0.0,30.01,7.1,4.83,11.3,34.28,69.9
48.4,39.7,35.3,0.1,29.95,7.3,12.7,25.3,34.28,43.3
47.8,35.8,31.9,0.6,29.97,7.6,19.9,27.5,39.13,41.3
48.2,34.9,35.0,0.1,30.04,7.7,8.29,16.1,34.28,42.0
46.4,33.8,27.8,0.0,30.24,7.7,13.4,20.8,34.28,38.8
60.8,42.8,46.8,0.0,30.2,7.5,4.83,9.21,34.28,50.5
84.2,55.2,54.2,0.0,29.77,7.7,10.3,20.8,34.28,69.9
86.9,65.7,55.4,0.0,29.97,7.6,6.33,13.8,34.28,74.2
92.1,61.7,44.5,0.0,29.82,7.8,5.52,13.8,34.28,75.5
86.2,61.3,57.6,0.09,29.93,7.3,7.71,18.3,34.28,73.6
72.5,46.2,50.5,0.0,30.15,6.7,1.96,9.21,34.28,56.8
88.9,55.6,57.4,0.0,29.95,6.8,5.52,11.3,34.28,72.4
53.2,39.2,39.3,0.6,30.07,7.4,13.3,23.0,34.28,45.8
60.8,28.8,35.4,0.0,30.26,6.7,4.49,16.1,34.28,45.0
57.2,39.9,43.5,0.2,29.74,7.8,4.95,11.3,34.28,48.5
98.6,63.7,54.6,0.0,29.9,7.3,9.55,18.3,34.28,84.1
61.7,47.3,48.1,0.0,30.29,3.1,8.06,16.1,34.28,52.9
95.9,73.8,54.0,0.0,29.75,7.3,16.6,25.3,32.22,85.4
54.0,29.8,34.2,0.0,30.18,6.4,3.57,9.21,34.28,41.2
53.1,37.4,41.2,0.2,30.08,7.4,5.87,13.8,34.28,45.8
93.9,56.8,52.0,0.0,29.89,7.3,7.37,16.1,34.28,75.5
60.8,45.3,42.8,0.0,30.01,7.2,15.4,23.0,34.28,52.5
77.9,53.1,56.5,0.0,29.98,7.7,5.87,13.8,34.28,65.0
55.6,42.4,44.9,0.0,29.96,7.6,5.64,9.21,34.28,50.4
70.2,53.6,48.8,0.0,29.94,7.6,8.63,13.8,34.28,61.9
68.9,48.2,44.7,0.0,29.8,8.0,15.4,25.3,34.28,58.7
78.8,57.2,51.3,0.1,29.87,7.4,14.6,25.3,34.28,70.3
63.5,45.0,45.7,0.0,29.89,7.1,11.8,18.3,34.28,53.0
102.0,69.3,57.0,0.0,29.83,7.5,17.9,29.9,34.28,89.0
62.6,54.1,54.1,0.1,30.09,2.5,2.88,11.3,34.28,57.1
79.5,57.4,58.2,2.6,29.94,7.3,11.0,20.8,34.28,69.0
73.4,57.2,54.6,0.2,29.67,7.8,16.1,34.4,46.03,65.5
66.7,48.2,45.9,0.0,30.18,6.7,11.6,18.3,34.28,56.4
93.2,70.5,49.2,0.0,29.76,7.3,15.7,20.8,34.28,83.1
53.1,39.4,41.4,0.0,30.23,7.3,6.21,13.8,34.28,46.4
52.9,42.8,40.3,0.0,29.67,7.6,16.6,23.0,34.28,46.6
68.0,44.6,44.5,0.0,30.31,6.7,12.5,23.0,34.28,56.7
56.5,51.6,52.9,0.4,29.88,4.0,7.94,16.1,34.28,54.5
55.6,30.2,35.0,0.0,30.28,7.8,1.61,4.72,34.28,42.2
76.3,50.0,54.4,0.0,29.74,7.1,6.1,16.1,34.28,64.4
85.3,65.1,54.2,0.0,29.86,7.5,19.5,23.0,34.28,72.9
73.6,53.6,45.2,0.0,30.12,7.1,14.6,23.0,34.28,62.6
50.9,39.2,34.6,0.0,30.17,7.2,20.0,29.9,34.28,44.6
89.8,58.1,51.7,0.0,29.95,7.2,7.14,13.8,34.28,73.5
96.8,72.0,46.5,0.0,29.74,7.3,15.7,20.8,25.32,86.4
59.4,35.2,40.5,0.0,30.01,4.5,10.2,20.8,34.28,46.4
93.2,73.6,54.5,0.0,29.8,6.9,20.4,25.3,34.28,83.9
58.3,50.0,50.6,1.3,29.96,7.2,8.75,13.8,34.28,53.6
97.3,68.5,56.0,0.0,29.8,7.3,11.3,23.0,34.28,83.5
60.6,36.5,40.5,0.0,30.12,7.6,10.8,19.81,34.28,48.0
65.5,42.8,47.1,0.1,30.07,7.7,4.95,9.21,34.28,55.3
57.7,45.7,38.4,0.0,29.88,7.7,16.4,23.0,34.28,50.6
79.9,62.6,55.5,0.0,29.95,7.8,20.4,27.5,41.31,70.9
75.2,58.8,43.0,0.0,29.91,7.1,17.0,23.0,34.28,66.4
64.8,53.6,55.3,1.1,29.88,6.9,7.94,13.8,34.28,58.2
73.9,48.7,46.4,0.0,29.86,7.6,11.1,18.3,34.28,63.5
89.1,65.8,60.7,0.0,29.89,7.4,9.44,18.3,34.28,77.8
88.7,58.6,51.8,0.0,29.9,7.2,8.17,13.8,34.28,75.6
62.2,45.3,49.5,0.6,30.19,4.3,4.03,13.8,34.28,52.4
77.4,56.1,43.4,0.0,30.05,6.9,16.1,23.0,25.32,66.3
62.6,42.6,47.6,1.0,29.79,7.7,14.3,25.3,34.28,52.9
61.2,33.4,35.9,0.0,30.03,6.7,6.21,13.8,34.28,49.4
60.8,45.0,36.2,0.0,30.14,7.4,19.2,25.3,34.28,52.5
61.2,53.6,52.2,0.0,30.13,7.6,8.06,13.8,34.28,57.8
60.8,41.0,48.0,0.0,30.15,7.5,7.71,16.1,34.28,54.0
55.4,26.6,29.6,0.0,30.23,7.3,6.33,13.8,34.28,40.7
85.3,67.1,64.3,0.0,29.85,7.8,12.4,20.8,34.28,76.2
76.1,53.6,33.3,1.0,29.74,7.6,9.44,20.8,34.28,66.4
79.2,51.8,52.9,0.0,29.97,7.6,4.49,6.9,34.28,67.3
57.2,39.2,39.6,0.7,30.02,7.6,11.7,20.8,34.28,48.7
86.7,60.3,55.5,0.0,29.99,7.2,13.3,23.0,34.28,74.6
96.8,72.7,57.9,0.0,29.82,7.1,19.4,25.3,34.41,85.5
55.9,37.4,41.3,0.0,30.04,7.5,8.75,16.1,34.28,46.7
63.7,44.6,50.0,0.9,29.94,7.8,6.9,18.3,34.28,54.2
48.2,29.7,25.8,0.0,29.97,7.4,7.37,13.8,20.83,40.6
71.6,58.3,51.6,0.0,29.8,7.7,16.3,29.9,34.28,64.4
48.9,32.0,46.5,0.0,29.9,2.9,5.75,13.8,34.28,46.8
81.1,54.3,53.6,0.0,30.01,7.4,8.17,13.8,34.28,68.5
44.4,35.1,26.2,0.0,30.18,7.8,18.4,25.3,34.41,37.7
94.1,60.6,52.7,0.0,29.85,7.4,6.67,16.1,34.28,77.5
83.7,64.4,63.3,0.1,29.79,7.4,8.75,18.3,34.28,74.0
54.0,27.9,35.4,0.0,30.21,6.1,3.22,11.3,34.28,41.5
57.4,29.3,35.2,0.0,30.05,5.8,5.06,11.3,34.28,42.6
89.8,68.7,53.5,0.0,30.06,7.4,16.8,27.5,39.13,78.3
80.6,64.4,48.9,0.0,29.81,7.7,24.1,29.9,34.41,71.7
57.7,46.0,43.8,0.1,29.78,7.5,15.4,23.0,34.28,50.8
50.0,41.9,46.7,1.1,29.63,7.1,7.71,13.8,34.28,46.8
61.2,50.5,51.4,0.1,29.77,7.4,10.3,20.8,34.28,55.1
60.8,36.7,45.0,0.2,29.78,7.8,14.3,25.3,34.28,50.7
77.2,49.8,54.6,0.0,30.15,6.4,4.26,11.3,34.28,62.7
55.4,40.8,40.3,1.1,29.96,7.7,5.29,11.3,34.28,47.4
58.5,42.8,43.8,0.09,29.98,7.5,8.63,16.1,34.28,51.0
60.1,45.1,48.1,1.5,30.2,8.0,6.44,13.8,34.28,51.2
82.2,62.6,55.3,0.0,29.89,7.6,12.2,18.3,34.28,71.2
62.8,42.1,48.1,0.0,30.29,6.3,4.95,11.3,34.28,50.7
68.4,50.0,50.3,0.0,29.89,7.4,7.83,16.1,34.28,56.0
92.5,64.8,56.2,0.0,29.87,7.3,10.0,18.3,34.28,80.6
96.3,68.0,52.6,0.0,29.78,7.1,12.8,20.8,34.28,82.6
95.5,64.4,51.8,0.0,29.96,7.1,9.78,20.8,34.28,79.3
95.0,68.0,53.9,0.0,29.92,7.3,12.0,18.3,34.28,83.0
46.8,33.8,30.0,0.0,30.32,7.4,14.0,20.8,34.28,40.5
61.7,38.1,40.4,0.0,30.01,7.0,4.49,11.3,34.28,50.5
65.5,42.3,42.4,0.0,30.19,7.4,13.8,25.3,34.28,53.2
57.2,26.6,29.8,0.0,30.37,7.2,6.67,18.3,34.28,42.3
92.5,64.4,61.0,0.0,29.53,7.2,12.0,23.0,34.28,80.2
99.0,75.2,49.5,0.0,29.83,7.1,12.8,20.8,34.28,86.0
56.8,33.1,23.5,0.0,30.31,7.1,13.6,25.3,34.28,45.1
55.4,44.6,46.0,1.1,30.11,7.6,9.09,16.1,34.28,48.0
86.5,61.3,57.1,0.0,29.92,7.4,12.2,28.8,34.28,75.0
91.4,68.0,38.6,0.0,29.83,7.3,23.2,32.2,41.31,81.0
77.0,51.6,46.8,0.0,30.05,7.4,9.55,18.3,25.32,66.2
87.8,65.8,61.8,0.0,29.82,7.2,10.3,23.0,34.28,76.7
88.3,68.2,40.8,0.0,29.99,7.0,21.1,27.5,34.28,79.0
65.8,37.4,44.9,0.0,30.25,5.0,5.64,13.8,34.28,51.8
55.0,40.3,29.4,0.0,29.99,7.5,23.0,29.9,39.13,46.2
86.4,57.2,57.1,0.0,29.96,7.2,10.5,16.1,34.28,72.3
84.2,66.0,52.5,0.0,29.81,7.6,19.7,25.3,34.28,72.8
95.0,75.2,54.0,0.0,29.8,7.1,17.4,23.0,34.28,83.4
76.1,56.7,56.9,0.0,29.87,7.1,4.37,9.21,34.28,65.6
91.0,65.5,51.4,0.0,29.91,7.2,14.9,25.3,34.28,79.4
62.8,40.1,41.8,0.0,30.04,7.2,11.2,16.1,34.28,52.7
90.5,65.5,48.1,0.0,29.98,7.3,15.1,23.0,34.28,78.1
84.2,57.6,47.2,0.0,29.95,7.8,8.17,16.1,34.28,71.0
50.7,37.0,34.4,0.0,29.95,7.6,13.0,18.3,34.28,43.8
95.4,71.2,57.3,0.0,29.65,7.2,15.5,20.8,34.28,83.7
90.1,70.7,54.3,0.0,29.72,7.3,18.0,23.0,29.92,80.1
104.0,68.5,48.6,0.0,29.85,7.3,9.44,18.3,34.28,86.5
73.9,57.2,54.5,0.0,29.91,7.5,14.6,25.3,27.5,66.2
88.5,60.8,51.2,0.0,29.93,7.2,13.9,25.3,34.28,76.3
82.4,46.2,48.3,0.0,30.06,7.1,6.9,13.8,34.28,63.2
58.1,46.4,51.7,2.7,29.77,7.4,8.17,16.1,34.28,52.5
91.0,68.9,60.2,0.0,29.81,7.3,11.2,23.0,34.28,79.9
61.5,43.9,40.0,0.0,30.02,7.2,19.9,25.3,34.28,51.9
61.2,44.4,46.7,0.0,30.09,7.1,3.11,13.8,34.28,51.4
60.8,43.9,29.6,0.0,30.14,7.5,24.0,29.9,34.28,51.4
86.9,54.7,50.1,0.0,29.91,7.7,6.56,16.1,34.28,73.5
100.0,74.5,54.2,0.0,29.92,7.2,13.8,23.0,34.28,87.8
54.7,51.8,51.0,4.2,29.7,7.3,11.0,16.1,34.28,53.5
85.8,63.3,53.4,0.0,29.98,7.4,15.5,20.8,34.28,75.2
58.8,45.9,48.3,0.0,29.92,5.2,7.71,16.1,34.28,52.3
69.8,46.4,49.0,0.0,29.91,7.6,5.98,13.8,34.28,58.4
92.5,62.2,59.8,0.0,29.88,6.8,10.9,20.8,34.28,79.0
94.5,66.2,49.5,0.0,29.84,7.2,11.5,29.9,34.28,78.9
70.0,46.0,48.7,0.0,29.87,8.0,7.25,13.8,34.28,58.6
90.3,56.1,53.6,0.0,29.91,6.9,6.1,16.1,34.28,72.3
55.6,41.5,48.2,0.2,29.77,7.1,11.3,20.8,34.28,51.2
62.4,41.0,44.7,0.0,30.19,6.3,3.11,9.21,34.28,50.8
54.0,35.4,28.0,0.0,30.06,7.4,16.9,47.1,34.28,44.0
57.9,45.9,48.7,0.3,29.62,7.7,8.17,18.3,34.28,51.2
76.3,52.9,54.9,0.0,30.06,6.1,6.56,13.8,34.28,63.1
64.4,37.0,45.3,0.0,30.06,7.6,11.0,18.3,34.28,52.7
82.4,51.8,52.4,0.0,30.06,6.9,4.37,39.1,34.28,67.9
63.7,54.1,52.1,1.6,29.71,7.8,7.94,31.0,34.28,59.0
66.0,58.1,50.7,0.1,29.94,7.8,16.1,27.5,34.28,62.1
80.8,51.1,47.8,0.0,29.87,7.2,4.03,9.21,34.28,66.7
60.8,41.0,44.9,0.2,30.16,7.0,4.6,11.3,34.28,49.4
81.0,51.1,55.7,0.0,29.99,6.5,6.44,13.8,34.28,66.2
86.5,62.6,56.2,0.0,30.06,7.1,15.7,23.0,34.28,76.6
64.4,54.5,51.6,0.0,29.91,7.8,11.3,25.3,34.28,60.3
76.6,59.0,42.2,0.0,30.12,7.1,18.7,23.0,34.28,66.0
46.4,34.2,34.3,0.6,29.94,8.0,12.7,18.3,34.28,41.8
67.8,48.0,52.3,0.09,30.17,7.8,4.26,9.21,34.28,58.5
64.2,51.8,49.0,1.1,29.94,7.6,15.7,23.0,34.28,56.4
43.2,37.6,26.7,0.0,29.87,7.9,24.1,32.2,46.03,40.1
52.9,24.8,24.6,0.0,30.0,7.2,6.56,16.1,34.28,40.4
82.4,51.3,53.6,0.0,30.03,7.3,5.18,13.8,34.28,66.9
48.2,27.5,31.3,0.0,30.12,7.3,6.21,13.8,34.28,37.3
48.9,32.0,28.4,0.0,29.9,7.6,18.1,29.9,41.31,41.4
68.7,41.2,47.5,0.0,30.3,6.2,7.02,16.1,34.28,54.0
86.2,62.1,59.9,0.0,29.94,7.3,12.2,35.5,34.28,72.7
80.8,53.2,55.5,0.0,30.06,6.5,10.5,20.8,34.28,67.9
79.9,62.2,56.1,0.0,29.96,7.4,19.7,27.5,39.13,71.7
79.9,66.4,56.4,0.0,29.74,7.5,19.7,27.5,29.92,72.9
68.5,37.4,40.2,0.0,30.19,4.5,1.96,6.9,34.28,50.1
67.6,36.1,44.4,0.0,29.91,7.0,6.79,13.8,34.28,52.8
45.3,38.7,38.0,0.3,29.81,6.7,5.52,19.81,34.28,42.3
94.5,72.3,57.2,0.0,29.83,7.2,18.8,25.3,34.28,83.2
87.8,58.5,57.6,0.09,29.79,7.8,7.14,19.81,34.28,71.6
64.4,51.8,48.1,0.0,30.01,8.0,13.3,20.8,34.28,57.2
79.5,51.8,49.1,0.0,29.98,7.6,5.52,13.8,34.28,64.4
52.9,27.9,31.0,0.0,30.1,6.5,4.26,13.8,34.28,38.9
55.8,25.5,29.8,0.0,29.99,7.3,4.14,11.3,34.28,40.6
81.0,53.2,50.3,0.0,30.0,7.5,8.06,16.1,34.28,66.7
74.5,50.7,55.5,0.09,29.82,7.7,11.9,23.0,34.28,65.2
92.3,73.2,43.7,0.0,29.9,7.2,18.0,23.0,34.28,81.6
49.5,29.3,31.7,0.0,30.18,7.3,9.55,18.3,34.28,39.9
88.9,66.0,56.9,0.0,29.78,7.3,15.1,23.0,34.28,79.6
81.1,47.5,50.8,0.0,30.07,7.2,5.52,16.1,34.28,65.6
59.2,42.1,37.4,0.0,30.09,7.3,18.4,25.3,34.28,50.5
64.4,42.8,40.6,0.0,30.06,7.3,11.1,18.3,34.28,53.4
79.3,52.3,49.9,0.0,29.95,7.0,14.3,20.8,34.28,68.1
72.3,46.0,48.2,0.0,29.8,7.7,7.94,18.3,34.28,59.1
81.1,69.8,58.4,0.0,29.88,7.7,14.0,18.3,34.28,73.9
55.9,44.6,42.9,0.0,30.16,7.8,14.5,20.8,34.28,48.7
50.0,39.2,27.4,0.0,30.11,8.2,26.0,68.8,34.28,44.1
50.0,39.2,32.3,0.0,30.42,7.7,24.6,29.9,41.31,44.8
66.6,37.4,38.6,0.0,30.13,6.1,3.68,16.1,34.28,49.6
78.8,49.1,50.5,0.0,30.0,7.3,10.4,18.3,34.28,65.5
57.2,35.6,35.6,0.0,29.95,7.4,13.5,20.8,34.28,46.9
59.4,31.5,40.3,0.0,30.13,5.7,3.45,11.3,34.28,45.1
77.0,48.2,47.7,0.0,30.02,7.2,6.67,16.1,34.28,62.2
61.5,40.8,36.1,0.0,29.94,7.3,12.5,18.3,34.28,52.0
93.2,75.2,60.2,0.0,29.8,7.3,17.6,23.0,34.28,83.2
96.8,66.2,51.5,1.4,29.89,7.4,8.52,16.1,34.28,82.4
84.4,59.9,48.6,0.0,29.83,7.4,10.8,18.3,34.28,71.6
91.0,70.2,55.6,0.0,29.87,7.3,16.0,23.0,34.28,80.3
91.9,72.3,51.0,0.0,29.9,7.2,19.2,25.3,34.28,81.0
75.7,56.3,42.9,0.0,29.94,7.4,14.3,18.3,34.28,66.0
91.4,70.2,52.9,0.0,29.94,7.3,14.0,20.8,34.28,81.3
93.2,67.3,59.6,0.0,29.81,7.3,7.25,18.3,34.28,79.0
44.6,40.3,38.6,1.1,29.79,7.8,19.9,23.0,34.28,42.3
41.0,33.8,33.2,0.1,29.77,8.1,18.6,23.0,34.28,38.3
99.0,71.6,58.3,0.0,29.62,7.3,18.5,25.3,34.28,86.2
45.1,23.5,24.9,0.0,30.33,6.9,5.98,13.8,34.28,33.9
94.1,71.6,45.7,0.0,29.96,7.2,20.0,25.3,34.28,82.7
46.9,28.8,30.9,0.0,30.3,7.4,5.75,13.8,34.28,36.4
67.3,46.4,47.1,0.09,30.07,7.7,9.09,16.1,34.28,57.8
52.3,38.1,33.4,0.0,30.03,7.6,14.5,20.8,34.28,45.2
89.1,59.2,50.1,0.0,29.98,7.3,11.6,23.0,34.28,77.2
57.2,35.1,34.8,0.0,30.12,7.4,11.7,23.0,34.28,47.7
91.4,61.5,50.9,0.0,29.84,7.2,6.79,16.1,34.28,77.3
62.4,50.0,50.5,0.3,29.96,5.7,11.5,18.3,34.28,55.3
61.9,39.2,48.8,0.5,30.0,6.3,6.44,11.3,34.28,51.4
66.9,35.8,40.4,0.0,29.99,7.1,7.14,13.8,34.28,52.1
80.2,63.3,60.1,0.0,29.79,7.7,14.2,27.5,39.13,71.7
79.9,51.8,43.9,0.0,29.82,7.1,6.56,16.1,34.28,66.0
92.8,62.6,58.2,0.0,29.97,6.8,14.5,25.3,29.92,78.8
55.4,38.5,33.2,0.0,30.2,7.5,13.9,23.0,34.28,46.6
57.2,37.6,44.0,0.0,30.09,6.4,14.8,25.3,34.28,48.5
77.0,43.5,48.0,0.0,30.22,6.9,4.49,13.8,34.28,60.6
86.4,63.0,39.8,0.0,29.67,7.7,9.78,18.3,34.28,74.6
95.0,72.5,46.3,0.0,29.89,7.1,18.9,23.0,34.28,82.9
82.4,48.2,46.3,0.0,29.94,7.2,7.48,16.1,34.28,64.6
50.0,26.6,35.7,0.0,30.2,6.8,7.94,27.5,34.28,40.0
54.7,45.5,48.1,0.6,29.91,7.6,3.57,11.3,34.28,49.8
64.4,50.5,49.7,0.1,29.71,6.2,15.1,27.5,39.13,55.8
100.0,65.5,57.0,0.0,29.6,7.3,5.52,11.3,34.28,82.0
55.4,36.1,34.0,0.0,29.93,7.7,12.0,18.3,34.28,45.9
57.6,37.9,45.6,0.0,30.12,7.2,5.18,9.21,34.28,49.7
83.3,60.8,51.6,0.0,30.02,7.2,17.6,25.3,34.28,72.9
95.0,58.8,54.8,0.0,29.88,7.2,5.87,16.1,34.28,80.5
96.6,75.4,51.7,0.0,29.82,7.2,20.2,27.5,34.28,85.4
63.5,46.4,49.9,0.6,29.68,5.9,7.71,13.8,34.28,54.5
62.6,41.5,45.7,0.0,30.19,7.1,6.44,13.8,34.28,52.9
55.4,28.4,32.3,0.0,30.04,5.5,3.68,11.3,34.28,40.2
71.6,41.2,48.4,0.0,29.99,7.4,7.25,16.1,34.28,58.9
95.0,69.8,53.9,0.0,29.73,7.5,10.0,18.3,34.28,84.0
79.2,49.8,52.6,0.0,30.17,6.0,4.95,11.3,34.28,63.6
68.2,50.0,46.8,0.0,30.16,6.9,14.0,20.8,34.28,59.5
69.8,53.6,59.1,0.9,29.82,6.9,12.6,20.8,34.28,62.3
57.7,47.5,50.1,1.0,29.62,6.5,15.8,23.0,34.41,52.5
54.7,33.1,42.0,0.09,30.09,6.0,6.56,16.1,34.28,46.1
86.5,54.7,53.8,0.0,30.0,7.1,8.98,18.3,34.28,72.9
83.5,53.1,55.4,0.0,29.96,7.5,10.5,20.8,34.28,71.9
65.1,51.8,55.0,0.0,29.99,7.8,7.14,16.1,34.28,60.1
93.9,71.6,49.8,0.0,29.71,7.2,18.0,25.3,29.92,82.3
60.4,31.5,40.4,0.0,30.17,6.5,4.03,9.21,34.28,45.5
91.4,71.1,55.0,0.0,29.76,7.3,18.5,25.3,32.22,80.2
64.4,57.0,51.3,0.7,29.8,7.9,14.7,20.8,32.22,60.7
52.5,26.6,33.3,0.0,30.27,5.1,2.88,6.9,34.28,38.6
48.2,32.0,30.0,0.0,30.22,7.7,13.4,20.8,34.28,40.3
68.4,34.7,40.2,0.0,30.17,7.2,7.14,46.0,34.28,52.2
64.9,42.4,40.7,0.0,30.04,7.5,13.8,20.8,34.28,54.9
66.4,53.2,48.0,0.09,29.86,7.6,19.5,27.5,43.62,59.5
68.5,38.1,42.6,0.0,30.03,8.1,4.37,13.8,34.28,53.5
55.8,34.0,42.5,0.0,29.93,7.5,12.2,18.3,34.28,47.6
54.3,45.3,38.8,0.0,29.9,7.8,25.8,29.9,41.31,49.9
71.2,44.2,51.3,0.0,30.05,7.1,7.14,13.8,34.28,58.3
96.3,64.6,55.7,0.0,29.75,7.6,4.37,16.1,34.28,79.1
45.5,37.4,33.1,0.2,29.9,7.8,20.2,27.5,34.28,40.6
64.4,42.8,44.5,0.0,30.01,7.5,10.3,16.1,34.28,54.4
62.6,42.3,43.2,0.0,29.93,7.5,11.0,25.3,34.28,52.7
55.4,38.5,36.8,0.0,29.95,8.1,8.75,20.8,34.28,47.2
64.4,36.5,37.8,0.0,30.02,7.3,8.4,16.1,34.28,52.1
64.8,41.7,47.7,0.09,29.89,8.0,12.0,20.8,34.28,55.0
86.0,71.6,61.7,0.0,29.97,7.0,19.4,29.9,34.28,77.0
55.4,30.7,39.4,0.0,30.16,7.1,5.06,13.8,34.28,45.9
80.2,56.5,51.6,0.0,30.09,7.3,7.02,18.3,34.28,68.1
45.7,15.8,17.2,0.0,30.43,7.3,3.34,11.3,34.28,30.0
45.9,37.4,36.6,0.09,29.76,7.6,14.0,18.3,34.28,41.7
65.1,42.6,51.2,0.2,30.12,5.7,3.8,9.21,34.28,53.5
87.8,66.2,59.4,0.0,29.98,7.2,10.4,18.3,34.28,76.2
60.8,41.0,39.3,0.0,30.15,7.6,12.3,18.3,34.28,52.6
82.6,68.0,61.0,0.0,29.82,7.5,12.8,25.3,34.28,75.1
80.6,69.8,61.7,0.0,29.82,7.8,17.8,27.5,41.31,73.8
93.2,73.4,60.0,0.0,29.75,7.3,16.9,20.8,29.92,83.0
59.7,35.4,38.9,0.0,29.87,7.7,17.8,32.2,34.41,49.9
74.3,49.3,49.5,0.0,29.92,7.8,9.55,18.3,34.28,62.1
91.6,59.0,51.7,0.0,29.87,7.3,9.55,18.3,34.28,76.6
85.6,62.4,52.8,0.0,29.94,7.4,10.4,16.1,34.28,74.3
47.5,33.6,17.9,0.0,30.28,7.4,20.6,27.5,34.28,38.9
73.9,50.0,47.3,0.0,30.0,7.6,13.2,25.3,34.28,63.0
88.7,61.2,58.7,0.0,29.75,7.3,7.14,23.0,34.28,76.1
43.5,37.0,33.0,0.0,30.16,7.6,15.4,29.9,34.28,40.0
99.3,62.4,50.5,0.0,29.81,7.2,6.56,16.1,34.28,80.9
69.8,51.4,52.4,0.0,29.9,7.4,7.71,13.8,34.28,62.0
48.4,37.4,37.2,0.0,30.18,6.6,4.49,9.21,34.28,42.7
62.6,39.2,34.7,0.0,30.2,7.2,12.6,20.8,34.28,50.0
46.4,34.7,31.9,0.0,30.4,7.8,3.68,6.9,34.28,41.0
39.2,24.8,15.2,0.0,30.3,7.4,14.7,20.8,34.28,32.3
89.6,68.7,48.0,0.0,29.93,7.2,23.8,32.2,41.31,78.8
45.5,26.6,25.4,0.0,30.08,7.4,9.78,18.3,34.28,34.8
84.6,57.6,54.5,0.0,29.91,7.5,7.14,16.1,34.28,71.1
58.6,46.4,41.1,1.0,30.06,7.7,20.1,27.5,34.28,50.8
73.0,57.2,57.9,0.3,29.86,7.7,16.0,23.0,34.28,64.6
53.6,45.5,46.62,0.0,29.96,6.2,2.76,11.39,34.28,50.2
51.1,35.6,42.2,0.09,30.06,3.7,2.07,6.9,34.28,43.2
73.6,47.8,50.5,0.09,30.0,7.3,3.8,11.3,34.28,59.7
50.0,46.2,47.3,1.3,30.02,6.9,13.3,23.0,32.22,47.7
61.7,39.6,46.6,0.0,30.29,8.7,4.03,11.3,34.28,50.2
86.0,52.3,45.0,0.0,30.02,7.4,4.95,11.3,34.28,71.0
66.4,35.2,40.1,0.09,30.18,6.7,6.79,13.8,34.28,52.7
58.8,49.8,51.1,0.4,29.92,7.5,12.5,20.8,34.28,53.0
49.3,35.6,30.6,0.0,29.97,7.8,18.8,23.0,29.92,41.8
59.2,49.6,47.4,0.5,29.7,7.6,14.1,20.8,34.28,53.0
60.8,45.0,43.8,0.0,29.95,7.8,5.18,16.1,34.28,49.8
89.2,66.4,59.5,0.0,29.73,7.3,14.0,25.3,34.28,78.8
53.6,39.2,40.9,0.4,29.75,7.6,17.6,23.0,34.28,47.5
55.9,42.8,42.2,0.9,30.09,7.7,15.5,25.3,34.41,48.7
66.7,42.3,47.2,0.09,30.14,7.0,6.44,11.3,34.28,55.2
95.7,61.2,49.8,0.0,29.92,7.1,8.29,18.3,34.28,80.5
91.4,65.3,56.0,0.0,29.78,7.2,13.4,23.0,34.28,79.8
65.5,42.3,43.5,0.0,30.12,7.2,12.7,20.8,34.28,55.1
93.6,73.4,54.9,0.0,29.71,7.2,18.7,23.0,34.41,82.5
66.6,43.9,47.1,0.0,29.95,6.8,8.52,18.3,34.28,54.9
54.1,31.1,37.5,0.0,30.04,5.5,2.53,9.21,34.28,41.5
61.9,46.4,39.8,0.0,30.25,7.3,16.9,23.0,34.28,53.1
84.4,56.8,54.9,0.0,29.89,6.7,6.67,20.8,34.28,70.3
59.0,39.2,29.0,0.0,30.2,6.9,17.4,25.3,34.28,48.5
91.4,73.2,58.5,0.0,29.86,7.7,18.8,23.0,34.28,81.6
67.1,38.5,44.3,0.0,30.09,6.7,10.8,19.81,34.28,53.3
70.7,40.1,45.6,0.0,30.17,7.0,7.48,16.1,34.28,56.3
70.2,52.9,50.8,0.09,29.95,7.7,5.64,16.1,34.28,60.0
48.7,30.2,27.6,0.09,30.19,7.6,3.68,11.3,34.28,38.7
68.4,49.1,48.9,0.0,30.02,7.7,13.9,18.3,34.28,58.9
74.8,47.1,50.7,0.0,29.81,7.3,5.06,13.8,34.28,61.0
59.0,32.0,38.0,0.0,30.02,7.4,7.14,18.3,34.28,47.1
69.4,38.8,43.5,0.0,30.14,6.4,5.18,16.1,34.28,52.7
92.8,64.2,48.8,0.0,29.78,7.2,14.0,25.3,34.28,80.1
86.5,59.0,42.1,0.0,29.94,6.8,13.6,20.8,34.28,72.6
82.9,62.4,40.9,0.0,29.73,7.8,7.48,16.1,34.28,71.9
62.6,47.8,51.5,0.5,29.8,7.8,9.44,16.1,34.28,54.9
89.6,60.3,55.4,0.0,29.85,7.3,5.75,13.8,34.28,75.7
65.8,43.9,46.9,0.0,30.17,7.7,5.41,16.1,34.28,53.6
95.5,73.6,41.5,0.0,29.76,7.1,17.6,25.3,29.92,84.2
85.3,64.4,47.8,0.0,29.99,7.1,16.2,25.3,34.28,74.3
56.7,42.6,46.7,1.0,29.48,7.7,12.5,27.5,34.28,49.5
87.1,50.2,43.7,0.0,29.94,7.2,4.83,13.8,34.28,69.2
53.2,39.2,23.6,0.0,30.06,7.6,27.7,39.1,52.94,45.0
94.1,74.5,42.9,0.0,29.82,7.2,21.7,64.3,34.28,84.0
86.0,69.4,56.3,0.0,29.86,7.7,17.0,23.0,34.28,77.0
69.1,38.5,44.3,0.0,30.02,7.2,9.67,18.3,34.28,55.8
59.0,42.4,35.3,0.0,30.22,6.9,15.1,20.8,34.28,50.4
78.6,50.7,45.1,0.0,29.98,7.2,3.68,9.21,34.28,64.4
53.6,28.0,28.0,0.0,30.39,7.3,7.37,13.8,34.28,41.4
86.2,69.8,60.5,0.0,29.72,7.4,15.1,25.3,34.28,77.1
52.9,41.0,38.3,0.0,30.13,7.8,18.0,23.0,34.28,46.3
63.5,42.8,51.4,0.4,29.93,7.7,9.78,27.5,36.94,54.2
66.0,34.5,43.2,0.09,30.01,6.7,10.1,23.0,34.28,53.3
93.7,73.0,42.5,0.0,29.87,7.3,15.8,23.0,29.92,82.2
61.0,40.6,39.3,0.0,29.98,6.9,10.4,18.3,34.28,49.8
75.7,53.6,54.3,0.0,30.04,6.4,4.83,13.8,34.28,63.3
97.2,69.6,55.4,0.0,29.66,7.3,18.8,27.5,34.28,85.3
46.4,26.6,19.8,0.0,30.3,7.4,12.2,23.0,34.28,35.9
72.0,46.2,47.0,0.0,30.05,7.0,6.1,16.1,34.28,58.5
68.9,52.2,52.2,0.0,29.98,7.9,5.29,9.21,34.28,59.7
78.4,59.5,52.4,0.0,30.05,7.4,13.0,16.1,34.28,68.5
77.0,45.7,50.8,0.0,29.91,6.6,5.18,9.21,34.28,62.9
61.5,38.5,45.5,0.0,30.22,5.5,3.11,11.3,34.28,47.9
61.0,47.7,50.3,0.3,30.0,7.9,9.44,16.1,34.28,54.4
80.8,60.8,48.0,0.0,30.06,7.8,18.7,27.5,39.13,71.7
56.8,37.8,41.4,0.1,29.72,7.2,9.9,29.9,34.28,44.0
95.0,64.9,52.1,0.0,29.92,7.1,8.75,18.3,34.28,81.2
70.2,43.3,52.1,0.0,29.96,7.4,6.67,13.8,34.28,60.3
78.8,53.6,48.6,0.0,29.87,7.5,12.5,20.8,34.28,67.1
49.5,41.0,41.3,0.1,29.78,4.1,8.4,13.8,34.28,45.7
95.0,63.0,56.1,0.0,29.79,7.3,12.3,23.0,34.28,79.2
96.1,78.4,56.2,0.0,29.87,7.3,20.2,27.5,34.28,86.9
69.8,48.2,44.5,0.1,29.89,7.5,15.5,29.9,34.28,59.1
94.6,75.2,55.8,0.0,29.79,7.3,17.6,23.0,34.28,83.8
58.6,37.9,45.0,0.0,30.26,7.3,12.8,20.8,34.28,51.3
97.7,77.0,53.5,0.0,29.8,7.3,17.3,23.0,29.92,87.0
60.3,37.4,45.4,0.0,30.34,5.8,4.14,11.3,34.28,48.0
60.8,33.4,41.4,0.0,30.25,5.6,3.45,23.0,34.28,45.6
51.8,35.2,43.1,0.0,30.03,7.6,5.52,13.8,34.28,46.2
64.4,41.5,39.4,0.0,30.23,7.0,16.0,29.9,34.28,53.0
75.2,55.4,54.7,0.4,29.7,7.8,5.18,13.8,34.28,62.7
87.8,57.9,52.0,0.0,29.92,7.4,5.18,13.8,34.28,71.5
59.7,46.4,48.2,0.0,29.87,7.6,10.8,20.8,27.5,53.4
61.2,43.3,39.7,0.0,30.04,7.3,11.9,20.8,34.28,52.9
68.4,46.6,52.2,0.0,30.14,7.8,9.78,18.3,34.28,57.7
80.6,56.3,54.8,0.0,30.05,7.8,6.33,13.8,34.28,67.9
59.4,42.8,39.1,0.0,30.03,7.4,14.7,57.4,34.28,50.4
59.7,34.9,40.4,0.0,30.38,7.0,4.37,11.3,34.28,47.2
86.0,69.6,56.3,0.0,29.9,7.0,18.3,27.5,34.28,79.0
96.8,73.2,61.7,0.0,29.75,7.1,15.4,23.0,34.28,84.8
59.2,35.2,41.1,0.0,30.25,7.0,5.29,19.81,34.28,46.2
66.0,36.7,45.5,0.0,30.25,5.4,4.03,9.21,34.28,50.8
54.3,42.8,32.7,0.0,30.27,7.5,22.4,32.2,43.62,48.1
78.3,59.0,53.3,0.0,29.91,7.7,15.8,25.3,34.28,68.2
84.2,69.8,54.6,0.0,29.79,7.5,23.7,29.9,41.31,77.3
80.6,53.6,53.2,0.0,29.58,7.6,4.95,13.8,34.28,66.2
54.5,33.8,32.5,0.0,30.29,7.2,14.6,20.8,34.28,45.6
86.2,67.1,57.1,0.0,29.81,7.5,16.4,25.3,34.28,77.0
53.8,33.6,33.1,0.0,30.21,6.9,12.8,18.3,34.28,43.0
51.1,41.0,41.2,0.0,29.89,6.7,11.5,18.3,34.28,46.9
93.0,68.4,56.0,0.0,29.84,7.4,7.02,13.8,34.28,80.5
92.1,58.1,55.7,0.0,29.84,7.2,4.37,9.21,34.28,76.1
73.4,46.4,51.0,0.0,30.14,7.0,7.48,13.8,34.28,60.3
65.8,50.0,49.0,0.3,30.03,7.8,9.67,18.3,34.28,57.4
64.4,47.1,39.1,0.0,30.09,7.5,12.5,16.1,34.28,55.1
58.1,30.9,28.9,0.0,29.99,7.6,10.0,19.81,34.28,45.4
93.2,63.0,56.5,0.0,29.94,7.4,10.9,20.8,34.28,80.3
84.2,52.9,54.8,0.0,29.88,7.2,7.83,18.3,34.28,69.8
86.7,64.0,52.8,0.0,29.9,7.2,14.3,23.0,34.28,75.5
80.1,53.4,55.0,0.0,30.03,7.5,7.83,18.3,34.28,68.2
88.0,60.8,54.5,0.0,29.84,7.1,7.25,18.3,34.28,73.7
89.6,67.1,61.2,0.0,29.89,7.0,13.5,25.3,34.28,79.9
58.3,40.8,46.7,0.0,30.1,7.2,10.5,13.8,34.28,50.4
52.0,37.9,36.4,0.1,30.35,7.9,10.9,16.1,34.28,45.0
99.5,63.7,52.9,0.0,29.81,7.3,7.6,18.3,34.28,83.4
42.8,35.6,29.4,0.0,30.14,7.7,24.0,34.4,46.03,38.8
55.8,39.2,29.7,0.0,30.03,7.4,24.4,34.4,34.28,45.9
64.6,39.2,39.4,0.2,29.94,6.0,17.6,25.3,34.28,45.0
66.2,43.3,49.4,0.0,30.17,7.4,2.3,6.9,34.28,54.1
71.4,52.2,46.8,0.0,29.94,7.4,17.4,27.5,34.28,60.9
64.4,50.0,49.7,0.09,29.92,7.8,14.8,23.0,32.22,57.5
63.1,34.7,35.4,0.0,30.09,6.9,7.83,16.1,34.28,49.3
44.8,27.1,26.7,0.0,30.31,7.6,6.79,11.3,34.28,36.2
84.4,61.3,53.6,0.0,29.92,7.7,9.9,16.1,27.5,73.2
81.9,66.2,56.7,0.0,29.82,7.7,19.5,27.5,39.13,73.0
81.7,64.4,55.0,0.0,29.97,7.1,15.7,20.8,34.28,70.9
99.0,71.6,43.3,0.0,29.75,7.2,16.1,23.0,27.5,85.0
87.3,70.2,57.6,0.0,29.81,7.3,20.8,29.9,34.28,79.3
86.5,57.6,56.5,0.0,29.93,7.4,7.48,13.8,34.28,72.4
77.0,54.1,56.4,0.0,30.01,6.2,10.9,20.8,34.28,65.8
93.2,61.9,53.1,0.0,29.93,7.4,5.18,13.8,20.83,79.0
96.8,62.6,53.9,0.0,29.86,6.7,10.2,20.8,34.28,80.9
95.5,68.9,45.5,0.0,29.93,7.3,16.6,20.8,34.41,84.4
104.0,67.5,55.9,0.0,29.77,7.3,6.9,16.1,34.28,86.8
92.1,72.5,57.2,0.0,29.82,7.4,21.0,25.3,34.28,82.3
62.8,28.0,37.2,0.0,30.0,7.2,6.79,13.8,34.28,47.2
83.3,50.0,47.2,0.0,29.99,7.2,4.6,11.3,34.28,67.1
51.8,41.9,45.6,0.4,29.75,4.5,6.21,18.3,34.28,47.1
49.8,35.6,28.5,0.0,30.1,7.4,21.5,27.5,36.94,42.3
97.5,73.2,46.7,0.0,29.85,7.2,18.3,23.0,34.28,85.4
77.2,55.6,44.6,0.0,29.93,7.1,15.0,20.8,34.28,65.8
82.4,53.6,49.9,0.0,29.91,7.1,6.79,13.8,34.28,65.8
73.9,51.8,53.8,0.0,29.87,7.5,7.37,16.1,34.28,61.9
54.5,37.6,41.3,0.0,30.17,4.2,8.17,16.1,34.28,46.8
63.0,55.0,50.4,0.1,29.99,7.7,16.1,25.3,36.94,58.5
62.6,45.0,48.7,0.0,30.32,8.0,6.21,13.8,34.28,52.9
77.0,62.4,61.4,2.4,29.91,7.9,4.95,13.8,34.28,67.2
88.0,68.4,56.8,0.0,29.9,7.4,19.6,23.0,34.28,78.7
71.2,55.4,53.8,0.0,29.81,7.2,4.95,11.3,34.28,62.9
95.0,71.2,54.0,0.0,29.73,7.1,18.3,25.3,34.28,83.2
72.9,52.5,53.0,0.0,30.01,7.7,12.5,18.3,34.28,66.5
63.0,32.0,30.8,0.0,30.22,7.5,3.22,6.9,34.28,48.2
72.1,49.1,50.7,0.0,29.68,6.7,8.17,18.3,34.28,60.9
90.5,65.5,54.6,0.0,29.95,7.3,8.4,16.1,34.28,78.5
49.8,34.9,31.7,0.1,30.22,7.6,17.3,25.3,34.28,41.5
52.7,44.4,44.0,0.09,29.82,3.7,7.6,13.8,34.28,47.5
85.1,65.7,48.7,0.0,29.96,7.3,19.9,25.3,34.28,74.6
89.4,69.6,57.8,0.0,29.79,7.4,18.6,25.3,34.28,77.6
75.4,57.2,56.0,0.0,29.96,7.8,12.7,20.8,34.28,66.4
68.2,51.8,53.2,0.2,29.86,7.9,12.4,23.0,29.92,58.8
65.5,57.4,53.8,0.0,29.97,7.7,15.3,23.0,34.28,60.7
59.0,37.0,43.7,0.0,30.18,6.4,2.53,6.9,34.28,46.8
50.4,35.6,28.2,0.0,30.23,7.3,19.1,25.3,34.28,41.8
66.2,43.5,31.1,0.0,30.23,7.3,18.1,25.3,34.28,54.4
71.6,53.6,54.6,0.0,29.96,7.2,7.37,13.8,34.28,62.8
87.1,63.3,58.0,0.0,29.8,7.2,11.9,23.0,34.28,75.7
72.0,46.6,39.2,1.1,29.96,7.1,10.9,18.3,34.28,59.9
68.0,41.4,43.7,0.0,29.79,6.1,4.03,9.21,34.28,53.1
95.2,69.6,56.8,0.0,29.73,7.4,21.0,27.5,36.94,82.9
96.8,69.8,56.1,0.0,29.71,7.2,11.3,16.1,34.28,83.5
89.8,57.9,56.6,0.0,29.91,7.3,6.1,16.1,34.28,73.1
100.0,66.9,60.1,0.0,29.76,7.1,8.52,18.3,34.28,84.0
97.2,65.7,53.1,0.0,29.93,7.2,15.8,23.0,34.28,85.3
59.9,41.0,47.2,0.0,30.08,7.6,4.26,6.9,34.28,50.4
87.8,70.5,55.3,0.0,29.87,7.4,18.5,27.5,40.28,78.9
64.0,42.8,45.9,0.3,29.79,7.6,14.2,27.5,29.92,52.6
62.6,36.7,45.6,0.0,29.93,6.3,6.9,13.8,34.28,50.7
59.2,38.3,43.6,0.1,30.01,7.6,6.33,11.3,20.83,48.0
64.4,42.8,40.9,0.0,29.73,7.2,16.3,27.5,34.28,54.2
53.1,33.8,33.9,0.1,30.07,6.3,10.2,34.4,34.28,43.8
54.1,36.1,26.0,0.0,30.01,7.5,17.0,23.0,29.92,44.7
86.9,59.7,49.0,0.0,29.88,7.1,15.3,20.8,34.28,74.6
91.9,72.0,56.5,0.0,29.79,7.2,16.4,23.0,27.5,82.8
90.1,69.3,48.8,0.0,29.86,7.3,17.4,23.0,34.28,79.6
91.8,67.6,59.9,0.0,29.68,7.3,8.63,20.8,34.28,79.7
52.3,25.3,25.4,0.0,30.3,6.9,4.26,18.3,34.28,36.9
81.5,49.1,48.6,0.0,29.91,7.2,5.52,11.3,34.28,66.9
45.0,26.1,22.5,0.0,30.3,7.2,8.17,13.8,34.28,33.8
49.3,35.6,39.4,0.6,29.8,7.8,11.8,23.0,34.28,44.0
61.5,42.1,46.9,0.0,30.05,4.2,4.26,13.8,34.28,51.2
66.2,44.6,48.2,0.0,30.12,6.8,10.9,20.8,34.28,56.5
77.5,55.9,42.5,0.0,30.07,7.1,10.7,16.1,25.32,66.9
50.9,35.6,37.0,1.1,29.92,7.6,13.4,20.8,34.28,43.8
64.9,46.0,50.4,0.0,29.98,7.4,9.32,13.8,34.28,54.6
86.4,53.6,53.8,0.09,29.72,7.4,8.17,23.0,34.28,72.7
66.6,56.5,44.1,0.0,30.11,7.6,21.6,27.5,34.41,59.8
64.4,48.9,43.1,0.0,29.96,7.4,13.5,20.8,34.28,55.3
57.2,40.6,42.2,0.0,29.88,6.1,2.65,6.9,34.28,47.3
91.4,68.0,57.1,0.0,29.82,7.2,13.6,23.0,34.28,79.4
48.2,23.4,28.1,0.0,30.14,6.2,7.48,23.0,34.28,35.6
59.9,38.5,44.7,0.0,30.3,6.4,6.56,13.8,34.28,48.5
48.9,32.0,33.4,0.0,30.04,5.7,10.2,23.0,34.28,40.1
75.2,48.7,52.5,0.0,30.05,7.4,6.67,13.8,34.28,61.6
85.5,64.0,58.7,0.0,29.85,7.4,16.8,25.3,34.28,75.5
87.1,61.5,57.3,0.0,29.74,7.2,12.3,25.3,34.28,75.3
54.3,39.2,41.9,1.3,29.69,6.2,15.8,27.5,39.13,45.3
55.8,35.2,39.5,0.0,30.3,5.1,7.37,16.1,34.28,44.6
95.9,69.8,46.7,0.0,29.83,6.7,14.2,20.8,34.28,81.2
53.6,42.8,45.5,0.5,29.86,7.3,7.02,11.3,34.28,48.8
93.6,73.4,58.4,0.0,29.78,7.2,17.9,23.0,34.28,82.8
69.8,48.0,49.2,0.0,29.95,7.6,9.55,20.8,34.28,58.2
77.7,47.5,49.9,0.0,30.06,7.2,7.14,13.8,34.28,63.3
95.2,70.2,52.8,0.0,29.83,7.5,16.3,25.3,34.28,83.8
78.8,48.4,51.5,0.0,29.94,7.0,5.87,16.1,34.28,62.5
95.2,62.4,51.4,0.0,29.73,7.2,6.9,19.4,34.28,79.4
88.7,67.1,58.4,0.0,29.78,7.6,12.7,25.3,34.28,79.2
83.8,66.0,59.8,0.0,29.82,7.8,13.2,20.8,34.28,74.1
84.2,50.0,49.0,0.0,30.01,7.2,4.83,13.8,34.28,65.8
57.2,28.4,31.6,0.0,30.36,7.2,4.72,19.81,34.28,41.8
43.2,27.1,18.1,0.0,30.35,7.4,11.6,20.8,34.28,34.5
49.3,39.0,30.4,0.0,30.06,7.9,21.6,27.5,34.28,42.9
64.4,46.2,49.0,0.0,30.32,7.8,7.14,13.8,34.28,53.8
59.0,27.5,27.4,0.0,30.29,7.2,1.61,6.9,34.28,41.0
61.2,42.8,45.6,0.1,30.2,5.9,2.42,19.81,34.28,49.7
89.2,59.9,54.7,0.0,29.93,7.4,10.7,20.8,34.28,75.3
79.0,62.6,45.5,0.0,30.1,7.1,19.9,25.3,34.28,68.7
60.8,42.4,48.3,0.0,29.94,4.7,3.11,6.9,34.28,51.6
52.5,35.1,38.9,0.0,30.25,6.6,2.76,11.3,34.28,45.4
97.0,76.8,56.1,0.0,29.78,7.2,18.4,25.3,34.28,87.1
48.2,37.6,35.9,0.0,30.05,7.7,13.2,20.8,34.28,42.9
92.5,60.8,53.3,0.0,29.8,7.2,5.06,13.8,18.3,76.4
84.7,62.6,56.6,0.0,29.94,7.4,10.2,20.8,34.28,73.4
60.6,41.9,49.4,0.0,30.14,5.8,5.18,11.3,34.28,51.7
92.1,68.0,50.0,0.0,29.78,7.2,15.1,23.0,34.28,80.2
58.3,33.1,37.6,0.0,30.3,6.1,7.14,16.1,34.28,44.6
68.9,53.6,55.4,0.4,29.78,7.7,15.4,23.0,32.22,61.6
52.7,35.8,35.4,0.1,29.88,7.6,7.6,18.3,34.28,44.9
52.3,25.0,28.2,0.0,30.25,7.1,11.1,23.0,34.28,39.3
59.2,29.3,33.9,0.0,30.26,6.4,6.44,20.8,34.28,43.0
75.4,60.8,61.8,0.5,29.84,7.2,7.71,13.8,34.28,67.3
67.3,55.4,58.1,0.3,29.86,7.6,4.83,16.1,34.28,59.9
88.2,61.3,57.5,0.0,29.85,7.6,5.75,13.8,34.28,74.9
69.1,50.2,48.7,0.0,30.26,7.4,13.1,18.3,34.28,60.9
63.3,43.3,48.4,0.0,30.26,7.2,4.95,9.21,34.28,52.2
52.2,36.0,42.6,0.0,29.83,2.5,7.02,13.8,34.28,44.6
91.4,62.4,51.0,0.0,29.91,7.1,9.32,18.3,34.28,78.8
94.5,72.0,49.9,0.0,29.85,7.3,15.3,20.8,27.5,84.2
47.3,33.8,32.8,0.0,29.76,7.7,15.8,23.0,34.28,41.7
81.5,61.7,53.9,0.0,29.9,7.5,11.2,20.8,23.02,71.9
72.1,43.9,44.5,0.0,30.04,7.3,9.9,18.3,34.28,58.8
93.9,71.1,54.3,0.0,29.8,7.3,17.8,25.3,34.28,82.8
66.4,36.0,42.8,0.09,30.06,6.8,7.6,16.1,34.28,51.3
60.8,37.9,42.4,0.0,29.92,6.3,1.96,18.3,34.28,47.7
84.2,65.5,50.8,0.0,30.02,6.7,18.9,25.3,34.28,73.8
75.2,53.6,53.9,0.09,29.73,7.7,10.5,25.3,32.22,63.7
84.9,58.6,55.1,0.0,29.89,7.5,9.9,18.3,34.28,73.0
54.7,37.2,35.6,0.0,30.06,7.1,8.06,16.1,34.28,47.7
92.5,75.2,44.4,0.0,29.83,7.2,24.4,32.2,43.62,82.5
63.3,48.2,50.6,0.0,29.6,7.8,11.9,20.8,34.28,54.9
43.7,33.6,22.4,0.0,30.28,7.5,15.1,25.3,34.41,37.8
66.2,51.8,54.7,1.1,30.12,7.5,8.17,16.1,34.28,57.9
96.8,74.8,51.0,0.0,29.82,7.4,14.9,20.8,34.28,86.1
59.0,46.4,47.5,0.0,29.88,7.1,12.6,20.8,34.28,52.3
91.9,64.2,56.8,0.0,29.9,7.2,10.7,20.8,34.28,80.8
60.8,48.9,49.1,0.3,29.92,10.1,8.17,13.8,34.28,52.9
92.1,66.6,64.4,0.0,29.76,7.4,7.25,16.1,34.28,79.0
105.0,66.2,51.6,0.0,29.8,7.3,4.72,11.3,34.28,85.3
92.5,58.5,53.6,0.0,29.81,7.2,7.71,18.3,34.28,78.3
93.4,68.2,54.5,0.0,29.81,7.3,16.4,25.3,27.5,81.1
52.5,34.5,29.3,0.0,30.25,7.4,16.0,57.4,34.28,43.4
79.0,50.5,48.5,0.0,29.88,7.6,3.91,11.3,34.28,64.8
59.0,39.2,33.4,0.0,30.07,7.2,18.7,23.0,34.28,48.6
88.7,62.8,57.6,0.0,29.81,7.5,7.14,18.3,34.28,77.5
89.1,66.0,54.1,0.0,29.97,7.4,18.0,27.5,39.13,78.8
59.4,48.2,49.8,0.0,29.9,6.8,8.4,16.1,34.28,54.3
70.3,37.4,44.5,0.0,30.1,7.0,11.9,23.0,34.28,54.7
80.6,57.2,47.2,0.0,30.07,7.2,17.0,23.0,29.92,68.2
86.9,57.4,55.1,0.0,30.02,7.4,4.6,11.3,34.28,72.2
73.2,46.0,47.1,0.0,30.09,7.2,8.63,16.1,34.28,60.5
56.3,29.1,35.8,0.0,30.26,5.3,0.92,4.72,34.28,41.3
59.2,46.4,48.8,0.1,29.97,7.3,4.72,11.3,34.28,51.5
61.2,46.4,45.2,0.1,29.87,7.7,14.0,23.0,34.28,53.6
57.2,28.4,33.4,0.0,30.23,7.4,5.75,11.3,34.28,43.9
55.4,51.1,51.8,0.1,29.97,5.2,6.33,11.3,34.28,53.4
91.4,63.5,43.4,0.0,30.01,7.3,16.3,23.0,34.28,80.3
48.6,28.4,26.8,0.0,30.41,7.1,9.21,18.3,34.28,38.1
77.0,49.6,50.8,0.0,29.96,7.4,5.98,16.1,34.28,62.3
62.6,46.4,40.7,0.0,30.25,7.1,20.8,27.5,34.28,54.4
85.1,55.2,60.3,0.0,29.94,6.4,5.87,16.1,34.28,69.8
59.7,39.2,42.0,0.1,29.61,7.6,14.9,29.9,39.13,52.1
89.8,71.6,58.9,0.0,29.86,7.6,16.3,25.3,34.28,81.1
48.4,25.7,27.5,0.0,30.16,6.3,3.22,9.21,34.28,37.2
74.1,53.1,54.6,0.0,30.04,7.8,4.95,13.8,34.28,61.7
59.9,46.8,43.0,0.0,29.92,7.2,13.1,18.3,34.28,52.8
86.0,61.5,58.9,0.09,29.9,7.7,8.4,18.3,34.28,72.1
67.3,53.6,50.1,0.0,30.0,7.7,19.2,27.5,41.31,60.4
86.0,53.1,52.3,0.0,30.05,7.5,7.94,16.1,34.28,70.8
84.7,55.0,49.9,0.0,29.94,7.2,15.6,23.0,34.28,72.6
81.0,62.6,53.4,0.0,29.69,7.5,10.7,20.8,29.92,72.2
93.6,71.6,57.0,0.0,29.69,7.4,14.2,23.0,34.28,83.2
48.9,32.0,20.0,0.0,30.25,7.2,14.1,25.3,34.28,40.2
63.0,51.3,53.3,0.0,30.01,7.8,10.5,20.8,34.28,56.8
66.6,51.8,39.5,0.5,29.69,7.1,9.09,25.3,34.28,58.0
64.4,42.1,46.5,0.0,30.14,7.4,10.0,18.3,34.28,54.3
80.1,57.2,56.4,0.1,29.98,7.8,6.21,13.8,34.28,69.9
53.8,41.0,27.4,0.0,30.27,7.4,24.0,34.4,48.33,48.0
68.2,52.5,39.9,0.0,30.14,7.7,14.5,23.0,34.28,58.6
62.8,44.4,38.6,0.0,29.96,7.4,15.3,20.8,34.28,54.1
95.4,72.7,50.3,0.0,29.81,7.2,17.9,27.5,34.28,84.8
67.3,51.8,40.0,0.0,30.17,7.2,22.9,32.2,34.28,58.2
64.9,44.8,48.1,0.0,30.04,7.9,8.86,16.1,34.28,54.9
86.2,55.4,53.2,0.0,29.83,7.2,11.1,20.8,34.28,72.6
78.4,59.0,53.8,0.0,29.95,7.6,11.9,20.8,34.28,69.2
93.7,72.5,58.9,0.0,29.86,7.2,16.6,23.0,34.28,82.7
85.8,59.7,46.7,0.0,29.88,7.3,13.8,23.0,34.28,74.3
54.0,46.0,48.8,1.6,29.86,7.2,9.09,13.8,34.28,49.6
84.9,63.3,53.8,0.0,29.95,7.2,14.3,20.8,34.28,73.9
93.2,71.1,52.6,0.0,29.78,7.3,20.1,27.5,39.13,82.1
45.9,37.4,39.6,0.1,30.43,6.2,6.1,18.3,34.28,42.2
72.5,47.5,50.2,0.0,30.2,7.3,8.52,16.1,34.28,59.8
93.2,72.5,45.6,0.0,29.78,7.2,20.8,27.5,34.28,83.0
59.4,41.0,44.9,0.0,29.75,6.1,6.1,20.8,34.28,49.9
100.0,65.7,54.7,0.0,29.79,7.4,6.44,11.3,34.28,83.2
51.3,37.0,29.6,0.0,30.4,7.2,21.7,27.5,34.28,43.7
89.6,58.3,53.6,0.0,29.91,7.5,4.03,40.2,34.28,74.6
92.5,71.6,56.0,0.0,29.82,7.4,17.3,25.3,29.92,82.2
57.2,41.0,46.2,0.1,29.96,7.6,13.3,23.0,34.28,49.7
89.6,66.7,58.8,0.09,29.67,7.7,19.1,27.5,41.31,77.0
100.0,64.8,54.9,0.0,29.7,7.5,8.52,27.5,34.28,82.6
88.9,59.7,52.9,0.0,29.92,7.5,7.14,16.1,34.28,76.7
54.0,41.0,40.6,0.0,30.22,5.7,10.2,18.3,34.28,47.5
52.7,25.9,32.2,0.09,29.82,7.0,8.4,18.3,34.28,40.9
86.7,62.4,57.9,0.0,29.86,7.4,10.5,23.0,34.28,74.5
89.2,58.6,53.9,0.0,29.81,7.5,8.06,23.0,34.28,74.4
71.8,42.8,49.2,0.0,30.11,7.4,7.02,13.8,34.28,57.5
76.3,55.9,58.8,0.7,30.09,6.7,4.26,11.3,34.28,63.9
83.8,57.2,58.0,0.0,29.73,6.7,4.6,9.21,34.28,70.9
65.1,37.8,41.6,0.0,30.21,7.3,5.64,13.8,34.28,52.0
52.9,35.2,34.4,0.0,29.95,7.6,14.8,23.0,34.28,43.8
86.4,70.0,48.4,0.0,29.81,7.6,22.4,25.3,34.28,77.8
95.0,63.0,56.0,0.0,29.89,7.3,6.79,16.1,34.28,80.4
60.8,46.4,51.4,0.9,29.63,7.8,9.9,25.3,39.13,54.9
57.2,31.5,39.0,0.0,30.22,7.0,7.6,18.3,34.28,46.8
53.1,38.5,41.5,0.0,30.18,7.5,3.22,6.9,34.28,45.8
61.9,46.4,51.1,1.1,30.08,7.7,7.25,16.1,34.28,55.4
92.5,71.4,58.0,0.0,29.87,7.4,16.1,23.0,34.28,82.2
87.4,56.7,58.4,0.0,29.72,7.4,6.9,16.1,34.28,69.9
94.5,60.3,51.1,0.0,29.92,7.3,5.64,16.1,34.28,79.8
64.4,50.2,53.3,0.0,29.9,7.7,4.14,9.21,34.28,57.1
87.8,68.9,60.5,0.3,29.76,7.7,18.9,34.4,34.28,78.6
82.4,54.3,51.0,0.0,29.99,7.6,5.06,13.8,34.28,67.7
75.2,52.9,43.4,0.0,30.15,7.4,12.6,20.8,34.28,62.9
90.1,66.0,53.9,0.0,30.01,7.4,17.0,23.0,34.28,78.2
65.1,39.9,43.2,0.0,30.1,7.6,7.83,11.3,34.28,47.2
91.9,64.8,44.6,0.0,29.89,7.3,14.1,23.0,34.28,80.4
88.0,71.1,62.9,0.0,29.86,7.4,13.1,20.8,34.28,79.1
50.4,32.0,34.6,0.4,29.99,7.7,12.7,23.0,34.28,43.6
73.4,42.1,46.5,0.0,30.21,7.0,5.29,11.3,34.28,57.1
99.0,74.5,51.4,0.0,29.95,7.4,15.8,25.3,34.28,86.0
65.7,42.3,44.3,0.0,30.1,5.7,5.41,16.1,34.28,52.8
84.7,60.6,58.0,0.0,29.87,7.4,7.25,13.8,34.28,73.4
55.6,43.2,44.7,0.5,29.83,7.7,7.37,16.1,34.28,49.8
93.9,66.2,60.6,0.0,29.69,7.2,12.2,25.3,34.28,80.1
92.1,63.7,48.6,0.0,29.95,7.1,10.0,18.3,34.28,80.1
89.6,61.2,48.3,0.0,29.94,7.1,13.4,20.8,34.28,76.5
75.2,55.6,56.6,0.0,29.86,7.7,6.1,16.1,34.28,64.7
52.2,37.4,31.2,0.2,29.82,7.8,13.4,25.3,34.28,44.5
95.9,59.9,49.9,0.0,29.89,7.3,4.49,16.1,34.28,78.8
96.8,78.6,51.0,0.0,29.78,7.2,19.7,27.5,39.13,86.4
88.3,60.6,61.6,0.0,29.99,6.9,5.29,13.8,34.28,73.9
62.6,53.6,51.8,0.0,29.84,8.0,11.3,18.3,34.28,56.6
65.8,57.2,53.6,0.0,29.73,7.8,16.6,23.0,34.28,61.4
78.8,51.1,50.7,0.0,29.99,7.3,6.33,16.1,34.28,65.6
95.0,70.3,52.0,0.0,29.82,7.2,16.2,23.0,29.92,83.0
59.0,42.4,46.3,0.0,30.06,7.7,5.18,16.1,34.28,51.4
89.6,72.5,54.4,0.0,29.9,7.3,22.7,32.2,34.28,80.5
53.6,44.6,41.6,1.1,29.65,7.8,17.9,25.3,34.28,47.6
64.4,51.8,51.7,0.0,29.76,7.2,16.3,27.5,34.41,56.6
70.5,39.7,44.2,0.0,30.27,6.9,3.91,11.3,34.28,52.0
85.1,57.2,58.1,0.0,29.97,7.2,9.55,18.3,34.28,72.2
63.1,41.5,42.9,0.3,30.12,7.4,7.14,16.1,34.28,51.5
84.9,57.6,61.5,0.0,29.97,7.2,4.49,13.8,34.28,68.4
59.4,46.8,46.1,0.09,29.9,7.8,13.3,18.3,29.92,53.4
90.0,67.5,59.6,0.0,29.68,7.0,14.0,23.0,34.28,79.6
47.5,28.4,24.9,0.0,29.99,7.5,8.98,19.81,34.28,37.9
86.4,61.9,42.0,0.0,29.88,7.6,11.0,25.3,34.28,74.8
74.1,57.0,54.0,0.0,30.0,6.9,12.2,20.8,34.28,64.6
61.0,51.8,48.4,0.1,29.87,7.8,15.4,20.8,34.28,55.5
50.0,41.0,33.6,0.0,30.06,7.7,16.5,25.3,34.28,44.5
93.4,73.0,54.2,0.0,29.72,7.2,16.3,25.3,34.28,82.3
53.1,43.3,43.4,0.0,29.59,6.4,9.55,18.3,27.73,47.1
66.0,46.4,50.4,0.0,30.13,4.9,2.07,4.72,34.28,55.6
62.4,51.8,48.5,0.1,29.93,7.8,15.5,23.0,34.28,56.5
87.1,62.1,50.5,0.0,29.9,7.5,14.8,18.3,34.28,76.3
95.4,73.8,58.0,0.0,29.75,7.3,18.0,23.0,34.28,84.7
82.4,57.7,55.4,0.0,29.91,7.5,10.5,23.0,34.28,71.0
59.0,42.8,46.1,0.5,29.82,7.7,6.33,11.3,34.28,52.4
92.1,71.6,48.9,0.0,29.86,7.3,20.4,25.3,34.28,80.7
94.5,73.4,56.8,0.0,29.77,7.2,21.5,27.5,41.31,82.3
65.5,49.5,42.3,0.0,30.03,7.7,14.8,20.8,34.28,56.6
64.8,48.2,48.7,0.0,29.86,7.8,15.6,27.5,39.13,56.1
54.1,40.6,42.1,0.09,29.9,7.6,2.76,9.21,34.28,47.9
96.8,73.9,57.1,0.0,29.9,7.2,17.8,23.0,34.28,85.3
70.7,46.4,51.1,0.09,29.73,7.3,14.8,27.5,41.31,59.8
56.1,48.2,48.7,1.3,29.26,7.4,11.7,23.0,34.41,51.1
51.8,42.8,46.8,0.3,29.7,4.5,8.29,20.8,34.28,48.1
83.5,52.0,45.9,0.0,30.01,7.1,7.14,18.3,34.28,68.1
55.4,39.6,40.1,0.0,30.22,5.8,7.83,13.8,34.28,46.6
55.0,41.0,45.5,0.5,29.9,7.5,12.0,23.0,34.28,49.7
88.7,68.7,43.4,0.0,29.9,7.3,15.6,23.0,34.28,78.6
53.2,23.7,25.4,0.0,30.33,6.0,3.68,11.3,34.28,36.2
93.2,74.3,60.8,0.0,29.7,7.5,15.7,20.8,34.28,82.6
86.9,68.5,52.4,0.0,29.87,7.3,17.9,25.3,34.28,77.5
94.3,69.8,47.9,0.0,29.92,7.4,16.8,20.8,29.92,83.6
90.7,59.0,51.5,0.0,30.04,6.9,6.79,16.1,34.28,74.8
57.9,41.0,38.6,0.0,29.98,7.2,11.1,20.8,34.28,48.1
94.3,71.6,55.5,0.0,29.73,7.3,23.0,29.9,39.13,82.7
80.6,58.5,47.2,0.0,30.03,7.2,14.6,20.8,34.28,69.4
63.7,50.5,51.9,0.0,29.99,7.7,13.4,18.3,34.28,57.4
60.1,29.5,27.7,0.0,30.19,7.5,4.83,13.8,34.28,45.2
89.6,70.5,50.2,0.0,29.81,7.1,17.7,25.3,34.28,80.0
57.4,46.4,47.4,0.8,29.99,7.9,4.83,16.1,34.28,50.2
75.2,48.2,51.5,0.0,30.16,6.7,10.1,18.3,34.28,62.9
59.2,33.1,33.0,0.0,30.05,7.5,9.32,16.1,34.28,47.3
60.4,49.8,52.4,1.2,29.75,7.8,11.8,20.8,34.28,54.5
68.5,55.4,54.2,0.1,29.91,7.9,13.3,20.8,34.28,62.3
57.2,44.8,42.1,0.2,29.99,7.8,13.0,47.1,34.28,50.1
75.2,44.6,46.0,0.0,29.89,7.3,8.86,18.3,34.28,60.8
83.5,64.4,50.1,0.0,30.09,7.2,20.0,25.3,34.28,71.8
88.0,63.3,45.3,0.0,29.83,7.3,11.0,20.8,34.28,77.1
89.6,64.4,56.2,0.0,29.83,7.3,15.0,27.5,36.94,79.4
87.8,68.7,51.5,0.0,29.79,7.7,19.4,25.3,34.41,78.7
97.3,63.9,53.9,0.0,29.8,7.5,5.52,16.1,34.28,80.8
86.2,68.0,61.4,0.0,29.74,7.5,13.3,18.3,34.28,76.5
90.5,65.7,53.2,0.0,29.88,7.4,17.1,25.3,27.5,80.7
96.8,63.1,53.4,0.0,29.91,7.6,7.48,13.8,23.02,80.5
72.7,48.2,51.3,0.0,29.85,7.0,7.37,20.8,34.28,60.7
59.0,50.0,53.8,0.3,29.83,7.7,5.52,13.8,34.28,55.4
64.4,46.4,42.6,1.1,30.09,7.7,14.8,23.0,34.28,54.9
63.7,46.8,37.7,0.0,29.99,7.4,13.5,57.4,34.28,54.3
62.6,57.0,56.0,0.1,29.87,7.8,13.6,20.8,34.28,59.9
50.2,37.4,41.7,0.7,29.99,7.8,7.37,13.8,34.28,46.2
45.3,34.9,25.7,0.1,30.14,7.6,24.9,29.9,39.13,38.4
55.6,35.6,27.6,0.0,30.22,7.2,12.6,18.3,34.28,45.4
86.2,65.7,43.6,0.0,29.87,7.4,12.8,18.3,34.28,75.6
61.2,34.9,43.5,0.0,30.08,5.8,6.56,13.8,34.28,47.9
43.9,32.7,27.4,0.0,30.06,7.7,21.1,27.5,34.28,37.7
90.1,68.9,47.6,0.0,29.88,7.1,16.8,29.9,34.28,79.4
48.2,30.2,24.8,0.0,30.04,7.6,8.75,18.3,34.28,39.1
91.6,68.9,55.4,0.0,29.84,7.2,17.8,27.5,29.92,81.0
61.2,42.1,39.4,0.09,29.99,7.5,16.5,23.0,34.28,52.2
90.0,72.5,59.2,0.0,29.79,7.4,16.8,23.0,34.28,81.3
46.4,23.5,22.1,0.0,30.35,6.9,6.33,16.1,34.28,34.5
61.9,50.0,50.8,0.3,29.96,7.8,9.55,16.1,34.28,53.4
55.4,37.9,31.9,0.0,30.09,7.6,15.0,23.0,34.28,46.1
53.6,39.2,45.6,0.1,29.94,5.6,5.75,9.21,34.28,48.7
78.1,49.6,50.5,0.0,30.06,7.2,7.37,16.1,34.28,65.3
83.8,57.9,52.7,0.0,29.92,7.3,10.5,23.0,34.28,71.8
82.6,58.3,61.3,0.0,30.07,5.4,5.87,16.1,34.28,68.1
81.7,65.7,42.0,0.0,29.91,7.2,18.4,25.3,34.28,72.2
70.2,41.0,44.8,0.0,29.99,7.4,6.67,16.1,34.28,56.4
65.5,31.8,37.3,0.0,30.26,6.9,3.34,9.21,34.28,50.9
64.4,36.9,41.0,0.0,29.92,6.9,7.14,20.8,34.28,51.2
62.6,25.5,31.1,0.0,30.25,7.6,4.49,6.9,34.28,41.4
64.0,43.9,49.0,0.0,30.04,7.7,2.07,4.72,34.28,53.3
49.5,32.7,28.9,0.0,30.34,7.8,10.2,18.3,34.28,40.2
48.2,33.1,31.4,0.0,30.11,7.5,16.2,27.5,36.94,41.0
61.0,41.0,45.3,0.5,29.75,7.7,8.29,23.0,34.28,52.5
92.8,60.4,52.0,0.0,29.7,7.4,10.4,20.8,34.28,76.4
48.9,37.4,28.5,0.0,30.3,7.5,21.7,29.9,39.13,43.0
77.7,50.2,46.9,0.0,30.0,7.2,10.4,18.3,34.28,65.7
77.4,55.4,54.9,0.0,29.81,7.7,11.2,20.8,34.28,68.2
58.1,45.9,49.9,0.2,29.9,7.5,10.4,16.1,34.28,52.2
57.4,24.1,28.6,0.0,30.43,6.7,3.11,6.9,34.28,38.5
82.4,67.1,59.7,0.0,29.79,7.8,17.4,23.0,34.28,73.7
59.2,42.8,49.4,0.0,29.96,5.3,15.1,23.0,34.28,51.9
41.7,33.6,26.1,0.0,30.26,7.5,20.0,25.3,34.28,36.3
61.0,37.2,34.4,0.0,30.02,7.2,14.1,20.8,29.92,50.8
39.2,21.2,13.6,0.0,30.48,7.4,10.9,16.1,34.28,29.4
95.0,64.9,52.0,0.0,29.9,7.3,8.75,23.0,34.28,80.7
92.8,70.2,47.0,0.0,29.97,7.1,20.7,27.5,39.13,82.1
54.7,37.0,42.2,0.09,30.04,4.7,3.57,9.21,34.28,46.6
52.0,42.8,44.7,0.8,29.82,7.4,9.44,18.3,34.28,48.1
87.8,68.0,59.6,0.0,29.91,7.5,14.6,20.8,34.28,76.7
92.8,53.6,58.9,0.0,29.84,7.4,14.2,20.8,34.28,81.3
77.9,54.3,56.7,0.0,30.15,6.8,2.99,6.9,34.28,64.4
57.2,29.5,34.7,0.0,30.15,6.1,4.03,16.1,34.28,42.0
78.8,59.0,59.7,1.5,29.88,7.7,7.6,19.81,34.28,65.4
75.4,47.5,49.6,0.0,30.01,7.5,4.83,13.8,34.28,61.5
90.1,59.5,58.9,0.0,29.9,6.9,9.55,20.8,34.28,76.0
87.8,66.2,40.3,0.0,29.91,7.2,14.8,27.5,34.28,77.4
91.8,63.1,60.8,0.0,29.79,6.8,8.29,20.8,34.28,77.0
62.1,46.4,45.7,1.3,29.82,7.8,15.5,25.3,27.5,53.9
91.4,66.2,52.6,0.0,29.88,7.1,12.5,18.3,34.28,81.1
54.0,27.1,32.5,0.0,30.23,7.5,2.3,6.9,34.28,39.0
91.6,68.0,49.0,0.0,29.89,7.3,17.4,20.8,34.28,80.6
91.0,55.8,51.5,0.0,29.84,7.3,5.18,11.3,34.28,73.2
77.2,50.0,45.0,0.0,29.93,7.4,11.2,18.3,34.28,65.8
59.7,37.4,41.3,0.1,29.81,7.9,9.44,20.8,34.28,47.7
48.2,39.2,34.0,0.0,29.95,7.7,16.9,25.3,34.28,43.5
91.4,69.8,58.6,0.0,29.81,7.1,15.6,25.3,34.28,81.0
75.2,48.6,47.0,0.0,29.98,7.2,14.2,23.0,34.28,63.6
76.3,47.5,51.7,0.0,29.95,7.4,6.33,11.3,34.28,62.9
59.0,36.9,43.0,0.0,29.86,7.6,3.91,16.1,34.28,46.8
55.4,26.8,29.5,0.0,30.31,5.6,3.8,11.3,34.28,39.5
80.6,60.8,44.6,0.0,29.98,7.5,15.0,23.0,34.28,70.5
96.8,74.8,62.5,0.0,29.85,7.3,13.5,18.3,34.28,83.8
46.4,28.4,21.8,0.0,30.18,7.2,13.0,23.0,34.28,36.8
73.4,53.6,43.8,0.0,30.17,7.3,16.2,23.0,34.28,62.7
57.9,45.1,36.1,0.0,30.04,7.5,22.5,29.9,39.13,51.5
73.9,49.8,52.1,0.0,30.13,6.6,6.56,16.1,34.28,60.7
55.8,44.4,32.1,0.0,29.95,8.0,17.9,25.3,34.28,49.0
50.7,41.0,29.8,0.0,30.13,7.6,22.3,39.1,43.62,45.0
60.8,49.5,49.0,0.1,30.04,7.7,5.41,11.3,34.28,54.1
75.6,48.9,48.4,0.0,30.09,7.3,9.78,18.3,34.28,63.2
89.8,63.7,44.9,0.0,30.04,7.2,17.8,31.0,34.28,78.6
55.4,42.8,37.1,0.0,30.05,7.6,23.1,27.5,36.94,48.6
89.8,72.1,52.6,0.0,29.68,7.6,18.7,20.8,29.92,80.2
52.5,30.0,34.0,0.0,30.13,7.2,2.76,11.3,34.28,40.7
73.4,42.3,45.9,0.0,30.09,7.4,2.3,19.81,34.28,56.7
54.9,42.3,46.9,0.7,29.88,6.1,3.45,6.9,34.28,49.2
93.9,63.0,55.6,0.0,29.85,7.1,9.09,23.0,34.28,77.8
52.9,33.1,41.7,0.0,30.14,2.3,3.57,6.9,34.28,42.5
68.0,45.7,51.0,0.0,29.95,7.8,8.29,16.1,34.28,56.9
68.2,45.5,49.7,0.0,29.91,7.2,6.67,11.3,34.28,56.0
70.0,55.4,52.6,0.4,30.03,7.8,13.6,20.8,34.28,63.1
64.9,48.2,47.2,0.0,29.94,7.8,8.86,16.1,34.28,56.2
96.8,66.2,60.2,0.0,29.82,7.4,9.32,18.3,34.28,82.1
74.5,44.8,48.8,0.0,30.09,6.6,8.86,18.3,34.28,61.4
50.4,41.4,35.9,0.0,30.11,7.5,20.7,27.5,36.94,45.0
57.6,40.1,46.7,0.09,30.12,7.6,7.94,16.1,34.28,49.6
95.7,60.6,52.1,0.0,29.87,7.3,7.83,18.3,34.28,79.3
60.8,48.2,43.5,0.9,30.0,7.8,16.3,23.0,34.28,53.3
84.7,57.9,48.4,0.0,29.94,7.3,10.0,18.3,34.28,73.3
61.3,46.8,36.8,0.0,30.08,7.5,16.5,20.8,34.28,53.2
87.8,68.5,50.9,0.0,29.94,7.4,20.4,27.5,29.92,77.9
54.1,44.4,47.4,0.8,29.69,5.9,5.98,16.1,32.22,47.7
57.2,36.7,42.0,0.1,30.26,6.3,6.21,16.1,34.28,46.4
45.7,38.8,37.5,0.3,29.74,7.9,19.2,25.3,34.28,41.7
62.6,50.0,46.2,0.3,29.84,7.8,16.1,27.5,41.31,55.0
63.7,37.4,42.2,0.0,30.31,5.0,7.02,23.0,34.28,48.8
86.0,62.6,51.2,0.0,30.04,7.0,16.0,20.8,34.28,73.2
93.2,70.7,46.6,0.0,29.88,7.3,20.3,25.3,36.94,82.0
64.6,49.8,41.0,0.0,30.18,6.9,17.6,23.0,34.28,55.3
79.9,63.7,56.9,0.0,29.93,7.7,14.2,25.3,34.28,72.2
72.1,43.9,45.6,0.0,30.06,7.3,7.6,16.1,34.28,59.0
86.7,56.3,55.3,0.0,30.01,7.2,2.42,11.3,34.28,70.7
52.2,27.1,32.1,0.0,30.15,7.2,3.8,6.9,34.28,39.5
62.1,50.0,51.6,0.2,30.06,7.6,11.6,18.3,34.28,55.0
59.0,48.2,48.4,0.09,30.08,7.7,14.9,20.8,25.32,54.1
75.9,46.9,51.8,0.0,30.03,7.1,3.91,6.9,34.28,61.7
67.6,39.2,43.5,0.0,29.94,6.6,4.37,13.8,34.28,52.8
96.8,76.6,56.0,0.0,29.77,7.5,17.4,25.3,34.28,87.2
53.8,33.3,35.7,0.0,30.11,5.9,7.71,16.1,34.28,43.0
90.7,71.8,54.7,0.0,29.73,7.5,21.1,25.3,34.41,81.5
93.2,68.5,51.4,0.0,29.94,7.1,13.8,20.8,34.28,80.0
75.9,57.2,50.8,0.0,30.04,7.4,17.2,23.0,34.28,66.1
59.0,40.8,45.7,0.0,30.01,7.3,4.37,13.8,34.28,48.9
88.5,70.3,56.7,0.0,29.95,7.5,18.8,25.3,34.28,78.7
85.3,65.7,59.7,0.0,29.92,7.5,9.67,20.8,34.28,75.2
73.4,41.2,47.0,0.0,30.2,7.3,4.6,11.3,34.28,57.0
69.4,39.2,41.6,0.0,30.14,6.9,3.68,11.3,34.28,51.0
53.6,41.0,47.0,0.1,29.87,5.4,2.88,6.9,34.28,49.3
62.6,46.2,48.8,0.0,30.0,7.8,1.73,6.9,34.28,53.9
77.9,55.8,55.1,0.0,29.93,7.7,12.7,23.0,34.28,68.4
55.4,36.9,30.3,0.0,30.23,7.6,11.7,23.0,34.28,46.1
91.8,60.6,57.6,0.09,29.83,7.6,9.78,20.8,32.22,74.2
64.8,48.2,49.6,0.7,29.85,7.8,8.75,18.3,34.28,56.8
66.2,59.0,52.1,0.1,29.85,7.8,18.9,23.0,29.92,61.4
83.5,57.0,52.5,0.0,29.85,7.3,14.9,23.0,34.28,72.8
67.3,44.6,48.5,0.2,30.02,7.8,12.4,23.0,34.28,54.9
83.3,65.7,56.4,0.0,29.97,8.0,14.5,20.8,34.28,76.1
88.5,68.5,60.1,0.0,29.99,7.2,15.7,23.0,34.28,78.4
56.5,32.0,37.5,0.3,30.07,7.1,11.6,23.0,34.41,46.9
64.4,42.3,42.7,0.0,30.04,6.5,10.7,18.3,34.28,53.0
51.3,24.8,24.5,0.0,30.14,7.2,6.33,18.3,34.28,39.6
80.6,57.7,58.0,0.0,29.87,7.7,8.63,18.3,34.28,66.2
54.7,41.0,40.2,0.2,29.89,7.8,12.7,18.3,34.28,47.9
55.4,43.0,36.7,1.2,30.07,7.6,16.2,23.0,34.28,48.5
90.1,63.3,59.5,0.0,29.86,7.3,6.44,13.8,34.28,79.0
57.2,48.2,52.1,0.3,29.96,7.3,3.34,6.9,34.28,53.5
66.9,35.6,38.2,0.0,30.25,6.0,3.45,11.3,34.28,49.4
95.0,68.2,60.6,0.0,29.76,7.2,9.78,20.8,34.28,82.8
61.0,36.7,32.3,0.0,29.93,7.2,12.7,20.8,34.28,49.0
69.8,49.8,37.0,0.0,30.3,7.3,14.1,25.3,34.28,59.3
89.6,62.6,50.5,0.0,30.01,7.2,13.0,23.0,29.92,76.6
63.5,35.1,40.9,0.0,30.16,6.7,4.26,11.3,34.28,49.5
87.8,69.1,43.7,0.0,29.75,7.4,17.8,25.3,34.28,79.2
57.6,29.7,33.6,0.0,30.25,5.4,5.64,16.1,34.28,42.6
92.3,62.6,56.9,0.0,29.92,7.3,4.83,13.8,34.28,77.6
65.1,53.6,52.6,0.4,29.65,8.1,11.0,23.0,36.94,57.5
91.4,72.3,61.2,0.0,29.71,7.1,16.2,23.0,34.28,82.0
75.7,47.5,51.6,0.0,29.92,7.0,9.9,18.3,34.28,64.6
63.3,40.5,39.0,0.0,30.19,7.5,14.9,20.8,34.28,54.1
60.8,46.4,45.1,0.1,29.85,6.7,11.0,18.3,34.28,52.0
95.0,66.6,47.5,0.0,29.95,7.3,16.0,20.8,34.28,82.5
79.3,51.3,44.7,0.0,29.95,7.2,10.3,18.3,34.28,65.5
95.0,56.3,50.4,0.0,29.79,7.2,4.49,13.8,34.28,76.4
48.2,32.2,19.7,0.0,30.34,7.2,19.1,29.9,34.28,39.6
57.2,48.7,50.5,1.1,29.8,7.7,12.3,23.0,29.92,53.4
77.2,55.6,47.2,0.0,30.04,7.2,16.3,20.8,29.92,66.8
78.1,48.2,50.5,0.0,30.03,7.3,4.26,13.8,34.28,62.3
68.0,50.4,55.2,0.5,29.99,5.2,5.18,13.8,34.28,59.4
65.8,42.8,46.8,0.09,29.97,6.2,5.87,13.8,34.28,53.1
86.7,69.8,56.6,0.0,29.83,7.4,19.2,25.3,34.28,76.5
83.1,59.0,54.7,0.0,29.88,7.6,6.67,20.8,34.28,68.9
56.7,42.8,49.3,0.3,30.01,6.6,5.98,13.8,34.28,50.0
68.4,44.1,41.9,0.0,30.08,7.4,10.5,18.3,34.28,57.5
72.9,53.6,54.9,0.6,29.76,7.5,8.86,16.1,34.28,62.7
80.6,51.8,50.7,0.0,29.92,7.6,14.1,25.3,34.28,68.5
46.4,39.0,42.3,0.0,29.72,4.3,5.29,11.3,34.28,42.5
77.7,60.6,56.7,0.0,29.98,7.6,12.0,23.0,34.28,68.9
51.8,33.8,36.2,0.0,29.75,7.4,8.63,18.3,27.5,42.4
70.0,41.7,49.9,0.0,30.25,6.5,5.87,18.3,34.28,55.5
79.0,47.7,48.6,0.0,30.16,7.2,3.45,11.3,34.28,61.3
55.4,35.2,40.9,0.3,30.06,7.6,2.99,9.21,34.28,45.1
88.3,66.2,59.7,0.0,29.76,7.4,15.1,23.0,34.28,78.5
95.9,62.6,53.1,0.0,29.85,7.2,4.83,16.1,34.28,78.5
62.8,50.2,46.6,0.0,29.88,7.6,10.8,18.3,34.28,55.7
42.3,34.9,26.3,0.0,30.02,7.9,22.2,27.5,34.28,37.2
87.3,61.0,60.9,0.09,30.01,6.5,7.71,18.3,29.92,73.4
88.7,62.2,58.5,0.0,29.79,7.3,10.0,23.0,34.28,76.1
66.4,33.8,49.9,0.0,29.88,6.6,8.06,18.3,34.28,57.1
88.7,60.6,41.5,0.0,29.89,7.7,5.18,16.1,34.28,73.7
63.5,44.6,49.0,0.2,30.25,7.6,3.57,6.9,34.28,51.9
98.6,69.8,52.5,0.0,29.79,7.3,11.1,18.3,27.5,84.7
48.6,38.5,35.1,0.0,29.96,7.9,20.0,25.3,36.94,43.0
59.0,44.1,50.6,0.3,30.01,7.6,13.4,23.0,29.92,53.3
66.4,36.7,42.8,0.0,30.26,4.6,5.52,13.8,34.28,50.4
61.5,42.8,43.0,0.7,29.94,7.5,9.67,20.8,34.28,52.6
65.8,44.6,33.5,0.0,29.95,7.2,15.8,23.0,29.92,54.6
87.1,69.3,54.7,0.0,29.97,7.0,20.7,25.3,34.28,77.3
91.4,72.3,55.5,0.0,29.81,7.4,19.7,25.3,34.28,80.5
60.8,34.0,41.9,0.0,30.04,6.4,9.09,16.1,34.28,49.9
55.0,30.6,33.1,0.0,30.01,6.2,3.11,9.21,34.28,42.8
85.8,68.0,54.1,0.0,29.67,7.4,12.5,20.8,34.28,76.8
92.1,74.3,58.5,0.0,29.79,7.3,21.2,27.5,34.28,82.3
64.8,46.4,48.6,0.2,29.88,8.0,9.32,16.1,34.28,56.8
65.5,39.6,48.0,0.0,30.16,6.9,6.56,13.8,34.28,53.7
51.8,35.6,38.3,0.0,30.24,7.6,10.9,18.3,34.28,45.6
81.3,52.3,50.1,0.0,29.93,7.4,5.87,16.1,34.28,68.1
60.8,41.0,34.5,0.0,30.23,7.2,18.8,23.0,34.28,50.0
90.0,62.8,60.9,0.0,29.88,5.9,7.37,16.1,34.28,77.2
76.3,44.8,46.7,0.0,30.13,7.3,14.1,20.8,34.28,64.3
57.7,43.3,46.6,0.0,30.02,7.7,13.3,23.0,34.28,51.0
86.0,64.2,55.8,0.0,29.86,7.2,18.5,23.0,34.28,77.0
62.6,50.0,49.6,0.2,29.98,7.6,10.9,20.8,34.28,55.5
75.9,52.3,54.1,0.0,30.08,6.4,10.1,18.3,34.28,64.6
55.6,36.7,24.8,0.0,30.21,7.6,14.3,19.81,34.28,45.3
87.8,57.2,55.0,0.0,30.01,7.3,3.34,11.3,34.28,72.6
98.1,60.3,49.5,0.0,29.93,7.4,10.0,20.8,34.28,79.7
88.5,64.4,59.4,0.0,29.83,7.2,11.2,20.8,34.28,76.4
58.8,44.6,45.9,0.3,29.88,7.7,6.21,13.8,34.28,51.2
59.0,35.4,43.6,0.0,29.94,6.7,10.5,20.8,27.5,49.5
95.4,71.6,44.7,0.0,29.81,7.2,16.3,23.0,34.28,82.9
85.1,56.1,57.1,0.0,29.91,7.3,3.34,9.21,34.28,69.5
50.0,25.9,28.2,0.0,30.12,6.7,3.68,11.3,34.28,35.5
68.0,55.4,58.6,1.0,30.09,7.2,9.78,16.1,34.28,60.7
88.9,69.8,55.1,0.0,29.94,7.4,16.0,25.3,34.28,79.3
71.6,41.0,46.0,0.3,30.09,8.1,4.03,19.81,34.28,51.1
66.9,50.9,50.5,0.0,29.92,7.8,7.71,20.8,34.28,58.1
55.4,39.0,44.7,0.09,30.1,7.1,4.95,11.3,34.28,49.2
57.2,45.9,47.5,0.09,30.04,7.1,9.21,16.1,34.28,52.0
85.5,49.8,48.4,0.0,30.13,7.1,5.29,13.8,34.28,67.7
78.8,46.0,51.6,0.0,29.87,7.3,3.34,6.9,34.28,63.6
53.6,34.5,27.8,0.0,30.34,7.6,12.0,20.8,34.28,43.1
91.6,72.5,60.1,0.0,29.83,7.3,15.3,23.0,34.28,81.5
69.8,47.1,50.4,0.0,29.99,7.2,6.33,11.3,34.28,57.8
96.1,66.0,56.1,0.0,29.85,7.2,10.5,18.3,34.28,82.4
52.0,35.6,25.0,0.0,30.07,7.5,18.6,25.3,34.28,43.5
67.5,50.0,48.2,0.3,29.91,7.5,12.2,23.0,34.28,58.3
60.8,41.0,37.2,0.0,30.22,6.9,11.7,18.3,34.28,50.7
96.8,74.8,56.2,0.0,29.85,7.2,14.8,20.8,34.28,86.4
82.8,51.8,50.8,0.0,29.98,7.8,4.95,11.3,34.28,59.4
79.9,54.5,59.5,0.0,29.97,6.6,4.03,9.21,34.28,65.5
60.8,41.2,47.3,0.0,29.91,7.7,8.86,18.3,34.28,52.2
105.0,67.3,56.0,0.0,29.72,7.2,5.06,13.8,34.28,86.2
44.6,30.2,31.7,0.8,29.98,7.6,9.44,40.2,34.28,38.5
75.2,45.5,51.5,0.0,30.04,6.8,4.03,11.3,34.28,59.9
89.6,64.6,58.1,0.0,29.81,7.4,5.64,16.1,34.28,76.9
57.4,43.3,39.6,0.0,30.16,7.7,3.8,9.21,34.28,50.3
91.4,61.9,56.8,0.0,29.75,7.3,11.1,23.0,34.28,78.5
60.1,51.8,53.4,7.6,29.73,7.4,5.64,16.1,34.28,56.3
52.2,39.2,34.9,0.0,29.97,7.5,14.0,20.8,34.28,45.2
67.1,39.0,47.1,0.0,30.13,5.6,3.8,9.21,34.28,52.0
91.4,73.0,59.4,0.0,29.82,7.6,16.9,25.3,34.28,81.5
63.1,42.8,49.2,1.4,30.04,7.5,4.26,17.2,34.28,52.0
49.5,27.9,24.0,0.0,30.47,7.5,8.29,16.1,34.28,39.6
79.3,50.0,52.8,0.0,30.02,7.1,5.52,16.1,34.28,65.4
88.9,65.5,55.8,0.0,29.96,7.3,13.6,23.0,34.28,75.7
66.6,53.6,52.5,0.0,29.97,7.8,17.2,57.4,34.28,62.5
46.4,24.3,27.8,0.0,30.32,7.6,5.52,9.21,34.28,39.2
86.7,57.9,57.8,0.0,29.85,7.3,8.86,18.3,27.5,73.2
59.0,30.2,33.3,0.0,30.3,6.9,2.42,6.9,34.28,43.7
55.4,41.0,39.5,0.0,30.01,7.5,13.6,23.0,34.28,47.7
52.3,42.8,37.0,0.0,29.9,7.7,17.6,25.3,34.28,47.1
61.7,32.5,39.8,0.0,30.2,5.4,2.76,9.21,34.28,44.9
79.5,48.2,52.7,0.0,29.88,7.3,8.86,16.1,34.28,65.1
71.8,48.2,41.8,0.0,29.89,7.6,16.4,25.3,34.28,61.9
52.0,45.3,39.4,0.09,29.87,7.8,23.0,27.5,39.13,49.0
88.2,60.1,51.4,0.0,30.0,7.5,12.8,20.8,34.28,75.5
42.8,31.3,22.6,0.0,30.36,7.7,18.4,23.0,34.28,36.2
56.1,40.1,40.3,0.0,30.19,7.7,7.71,13.8,34.28,48.7
91.4,56.3,50.3,0.0,29.97,7.2,8.63,16.1,34.28,75.4
75.2,51.1,56.3,0.0,29.98,7.5,7.14,18.3,34.28,59.4
87.8,58.3,49.6,0.0,29.82,7.2,12.6,20.8,34.28,74.8
95.4,72.3,52.8,0.0,29.86,7.3,20.7,25.3,34.28,83.0
76.5,55.8,48.8,0.0,29.78,7.7,15.8,23.0,34.28,65.3
50.0,29.1,27.9,0.0,30.01,7.5,13.5,18.3,34.28,39.8
80.6,64.4,59.5,0.0,29.81,7.7,11.2,25.3,34.41,70.9
63.3,41.9,46.3,0.0,30.06,7.4,7.14,13.8,34.28,51.4
64.4,41.0,47.3,0.0,30.02,7.6,11.6,20.8,34.28,54.2
63.5,51.1,44.4,0.0,29.96,7.8,16.4,27.5,32.22,57.1
50.5,39.2,36.0,0.2,30.09,7.2,17.6,27.5,39.13,44.8
95.5,67.3,58.6,0.0,29.83,7.2,13.4,23.0,34.28,82.8
90.1,70.2,57.5,0.0,30.03,7.1,14.8,20.8,34.28,79.3
59.0,52.9,49.9,0.1,30.08,7.5,14.6,20.8,34.28,56.0
76.5,51.4,47.1,0.6,29.91,7.6,5.87,13.8,34.28,63.7
89.6,65.8,60.2,0.0,29.99,7.3,11.2,18.3,34.28,77.1
53.6,36.0,34.9,0.0,30.22,6.1,11.7,16.1,34.28,43.9
61.5,38.8,46.4,0.0,30.11,5.7,9.9,18.3,34.28,50.6
73.8,56.5,38.4,0.0,29.79,7.2,18.8,25.3,34.28,64.3
63.7,51.1,49.6,0.2,29.75,7.6,17.1,23.0,39.13,57.2
85.5,57.2,49.2,0.0,29.89,7.3,14.8,25.3,36.94,72.3
64.4,56.3,47.6,0.09,29.99,7.8,15.0,57.4,34.28,59.7
56.7,45.9,47.3,0.5,29.99,7.7,9.67,18.3,34.28,50.4
88.0,64.6,47.2,0.0,30.05,7.2,16.0,25.3,34.28,77.5
51.8,39.2,34.4,0.0,30.17,7.5,12.5,23.0,34.28,45.3
93.2,63.3,57.2,0.0,29.82,7.1,12.6,23.0,34.28,79.6
60.8,48.2,50.9,0.1,30.27,7.8,6.1,16.1,34.28,53.2
86.0,55.9,49.9,0.0,29.97,6.8,10.9,25.3,34.28,75.2
90.1,57.9,52.7,0.0,29.86,7.4,5.06,11.3,16.11,76.2
75.4,48.7,45.8,0.0,29.94,7.1,7.14,18.3,34.28,60.9
68.7,36.7,40.7,0.0,30.17,7.2,4.37,13.8,34.28,53.2
53.6,37.4,38.7,0.0,30.28,5.4,11.7,18.3,34.28,45.4
61.9,33.8,41.1,0.0,30.13,7.2,6.79,13.8,34.28,47.9
89.6,62.6,41.5,0.0,29.9,7.4,9.55,40.2,34.28,76.8
57.2,37.4,43.3,0.0,30.01,7.6,7.37,18.3,34.28,47.9
52.7,25.3,28.2,0.0,30.31,7.3,4.95,11.3,34.28,39.8
70.5,46.2,47.8,0.0,29.96,6.7,4.6,13.8,34.28,57.6
77.0,52.7,47.2,0.0,29.95,7.3,11.6,20.8,34.28,67.0
65.5,32.0,41.0,0.0,29.96,7.6,6.21,13.8,34.28,52.1
83.5,53.2,52.3,0.0,29.98,7.3,4.83,13.8,34.28,68.8
81.7,53.4,53.9,0.0,29.88,7.7,5.41,13.8,20.83,68.5
78.8,53.6,46.9,0.0,30.11,6.9,10.1,16.1,34.28,64.9
82.4,64.4,61.2,0.1,29.78,7.5,8.52,16.1,34.28,72.1
86.4,59.5,58.9,0.0,29.92,6.7,7.6,20.8,34.28,72.8
59.4,44.6,48.1,0.1,29.96,6.7,5.75,13.8,34.28,51.7
57.7,38.3,32.3,0.0,30.12,7.3,13.1,20.8,34.28,47.8
88.2,66.2,56.6,0.0,29.93,7.3,12.2,18.3,34.28,74.8
89.6,54.1,52.5,0.0,29.99,7.3,3.34,9.21,34.28,73.1
55.4,48.0,50.1,0.8,29.93,6.5,9.44,18.3,34.28,51.4
86.7,55.4,48.6,0.0,29.96,7.2,7.14,16.1,34.28,70.5
72.3,54.0,49.6,0.0,30.08,6.7,16.0,23.0,34.28,62.7
89.6,59.0,53.8,0.0,29.92,7.5,7.37,16.1,34.28,75.4
47.8,30.9,27.9,0.0,30.14,7.4,11.5,18.3,34.28,38.1
99.0,63.1,53.4,0.0,29.9,7.5,11.2,20.8,34.28,81.6
93.0,70.5,60.2,0.0,29.81,7.1,15.7,20.8,34.28,82.0
59.9,35.6,36.4,0.0,30.23,7.5,4.72,11.3,34.28,45.9
68.0,41.7,46.4,0.0,30.1,7.2,3.22,11.3,34.28,55.0
57.9,41.7,39.0,0.0,30.15,7.7,4.95,11.3,34.28,49.6
77.9,55.4,44.6,0.0,30.06,7.1,14.5,23.0,34.41,65.9
97.0,71.2,49.5,0.0,29.87,7.2,16.2,20.8,34.28,85.0
78.8,51.1,49.1,0.0,30.09,7.1,6.79,16.1,34.28,64.9
97.7,64.9,50.8,0.0,29.81,7.0,7.6,16.1,34.28,82.1
55.4,43.9,46.4,0.09,30.12,7.9,1.73,9.21,34.28,49.1
45.1,33.8,25.8,0.0,30.26,7.5,23.7,32.2,43.62,40.6
60.8,46.4,45.8,0.3,29.7,7.5,16.0,34.4,52.94,52.5
85.6,68.0,62.4,0.0,29.8,7.4,9.9,25.3,34.28,75.3
89.6,58.3,52.2,0.0,29.98,7.2,9.09,35.5,34.28,76.0
45.5,32.0,29.7,0.4,30.06,10.0,20.0,27.5,34.41,37.6
67.1,33.8,36.9,0.0,30.17,6.7,2.99,11.3,34.28,49.4
58.3,39.2,45.9,0.0,30.11,7.7,14.5,25.3,29.92,51.2
45.1,35.6,27.2,0.0,30.43,7.7,13.8,18.3,34.28,38.0
53.8,22.6,26.4,0.0,30.37,6.5,6.44,18.3,34.28,36.7
53.2,41.7,44.1,0.0,30.02,7.7,13.1,16.1,34.28,48.1
82.8,57.2,55.2,0.0,29.94,7.5,13.3,25.3,34.28,70.5
52.9,42.8,43.5,0.2,29.85,7.8,10.2,16.1,34.28,48.6
82.9,64.4,53.1,0.0,30.02,6.9,17.1,20.8,34.28,72.5
36.7,33.3,27.6,0.0,29.97,8.0,29.1,36.9,55.24,34.9
75.0,56.3,57.8,0.0,29.89,7.6,7.48,16.1,34.28,65.3
84.6,71.2,58.3,0.0,29.89,7.5,18.4,27.5,34.28,77.6
53.1,44.2,40.0,1.0,30.02,7.9,18.7,27.5,34.28,46.9
83.5,56.8,54.1,0.0,29.96,7.5,4.03,11.3,34.28,68.9
55.6,38.8,42.8,0.0,30.14,6.7,6.1,13.8,34.28,47.3
63.0,42.8,33.0,0.0,30.1,7.4,11.6,18.3,34.28,51.3
101.0,64.8,58.3,0.0,29.86,7.1,6.67,20.8,34.28,83.8
67.6,41.2,44.5,0.0,30.09,7.5,7.25,16.1,34.28,56.7
53.4,46.0,47.1,0.3,30.05,6.0,5.52,13.8,34.28,48.6
64.6,48.2,46.7,1.8,29.76,7.5,10.3,20.8,34.28,52.6
67.1,49.3,49.8,0.1,30.16,7.6,8.98,16.1,34.28,57.1
97.7,68.0,53.9,0.0,29.93,7.2,12.2,18.3,34.28,82.8
89.6,55.4,50.9,0.0,29.95,7.1,8.86,16.1,34.28,74.3
90.7,69.6,55.7,0.0,29.87,7.2,15.4,20.8,34.28,79.0
69.8,47.5,49.6,0.0,30.06,7.2,6.1,13.8,34.28,59.7
88.2,64.6,55.1,0.0,29.88,7.2,16.4,20.8,34.28,75.6
49.3,32.0,23.4,0.0,30.31,7.3,17.0,57.4,34.28,40.3
76.1,55.4,49.8,0.0,30.07,7.3,9.78,13.8,34.28,64.8
60.1,39.2,47.8,0.09,29.82,5.0,3.45,16.1,34.28,50.9
69.8,56.5,59.0,0.0,30.01,6.2,12.0,18.3,34.28,63.2
63.0,44.6,39.5,0.0,30.06,7.5,12.6,20.8,34.28,54.3
41.0,33.8,24.3,0.0,30.33,7.7,20.1,27.5,34.41,37.4
62.6,51.4,50.7,0.0,30.02,7.9,12.7,18.3,34.28,56.5
57.2,34.9,39.9,0.6,30.11,7.4,12.6,32.2,34.28,49.4
78.3,58.3,43.8,0.0,30.11,7.2,19.9,25.3,34.28,67.0
73.4,48.2,36.2,0.0,30.24,7.2,14.2,23.0,34.28,61.1
43.0,30.6,25.9,0.0,30.12,7.6,14.5,25.3,34.28,37.2
85.3,58.1,57.3,0.2,29.93,7.6,7.25,16.1,34.28,70.6
41.0,31.1,33.7,0.3,29.92,6.2,3.91,11.3,34.28,36.0
85.1,61.2,45.7,0.0,30.0,7.4,13.9,23.0,34.28,74.2
86.0,65.5,48.9,0.0,29.86,7.5,18.1,25.3,34.28,75.6
96.8,67.3,60.3,0.0,29.8,7.7,8.52,20.8,34.28,82.4
86.9,69.3,56.3,0.0,29.91,7.6,16.8,20.8,34.28,77.7
54.1,48.2,49.6,0.8,29.73,7.7,6.44,16.1,34.28,50.6
86.2,66.2,52.0,0.0,29.94,7.3,18.4,27.5,34.28,76.1
61.9,42.8,50.6,0.0,30.05,6.3,9.44,16.1,34.28,53.3
75.6,48.4,45.2,0.0,30.04,7.3,11.8,20.8,34.28,64.2
77.4,62.6,63.4,0.0,30.01,6.2,7.48,13.8,34.28,69.9
86.2,66.9,54.2,0.0,29.94,7.3,18.7,19.81,34.28,75.7
79.2,52.7,47.2,0.0,29.98,7.3,16.3,25.3,34.28,66.9
89.1,56.5,55.2,0.0,29.93,7.3,5.52,13.8,34.28,73.0
68.0,39.9,45.7,0.0,30.19,7.1,5.06,9.21,34.28,52.4
62.4,35.6,43.3,0.0,29.78,7.7,12.5,25.3,34.28,51.1
97.9,75.2,42.0,0.0,29.87,7.2,18.7,26.3,34.41,85.6
86.9,72.0,59.3,0.0,29.76,7.4,21.6,27.5,34.28,79.6
81.7,60.8,52.5,0.0,29.96,7.3,16.5,23.0,34.28,71.3
59.7,41.0,44.1,0.0,30.32,5.5,10.0,16.1,34.28,50.4
72.9,50.0,50.6,0.0,29.83,7.7,12.3,25.3,34.28,62.8
93.6,64.4,60.8,0.0,29.8,6.8,5.18,16.1,34.28,77.2
64.4,57.4,54.0,0.0,29.86,7.7,17.7,23.0,34.28,61.8
91.4,60.6,51.1,0.0,29.9,7.2,4.72,23.0,34.28,75.8
87.8,69.6,56.9,0.0,29.9,7.4,17.0,23.0,29.92,78.2
79.2,56.3,58.1,0.0,29.84,7.8,6.33,20.8,34.28,67.9
68.2,58.6,55.2,0.1,30.02,7.6,4.6,11.3,34.28,62.8
59.0,31.8,38.5,0.0,30.19,6.9,4.03,6.9,34.28,44.0
88.0,58.6,59.5,0.0,29.95,6.8,9.44,23.0,34.28,72.9
89.6,66.4,54.3,0.0,29.87,7.3,15.3,23.0,34.28,77.1
49.1,25.3,32.4,0.0,30.21,7.0,4.14,9.21,34.28,36.5
63.7,32.0,34.1,0.0,30.21,6.4,2.88,11.3,34.28,46.9
83.5,62.1,58.8,0.0,29.88,7.9,7.83,20.8,29.92,70.5
51.8,25.2,24.6,0.0,30.38,6.6,5.64,16.1,34.28,37.7
56.3,31.1,35.7,0.0,30.19,6.7,9.44,16.1,34.28,45.2
90.9,57.0,55.4,0.0,30.04,6.7,8.29,18.3,34.28,74.7
80.8,47.1,49.0,0.0,29.95,7.2,6.33,13.8,34.28,64.1
90.5,60.8,52.1,0.0,29.86,7.4,6.44,18.3,34.28,76.1
42.8,36.3,30.5,1.1,30.11,7.8,23.5,32.2,43.62,39.4
66.2,39.6,44.8,0.0,30.11,6.3,3.45,11.3,34.28,53.1
65.7,45.3,49.1,0.3,29.94,7.4,11.6,20.8,34.28,55.6
57.2,44.6,47.4,0.0,30.19,4.4,7.83,16.1,34.28,50.7
43.5,29.1,24.7,0.0,30.23,7.0,13.3,20.8,34.28,35.2
88.3,69.8,45.9,0.0,29.81,7.3,15.8,25.3,34.28,78.9
68.7,45.0,48.8,0.0,30.06,7.4,5.64,11.3,34.28,56.1
90.1,60.6,55.7,0.0,30.04,7.3,11.7,18.3,34.28,76.6
64.8,40.6,46.6,0.0,29.99,7.2,13.1,23.0,34.41,54.0
47.5,32.0,25.9,0.0,30.11,7.3,13.3,20.8,34.28,39.8
57.2,35.2,36.8,0.0,30.2,6.1,7.02,13.8,34.28,44.6
90.0,69.8,51.9,0.0,29.93,7.3,12.0,20.8,34.28,78.3
75.2,60.8,60.2,0.0,29.91,7.2,4.6,13.8,34.28,65.7
57.4,42.8,42.1,0.2,29.89,7.6,14.5,32.2,43.62,50.9
75.2,46.2,49.0,0.0,29.94,6.5,7.25,16.1,34.28,60.2
96.8,64.2,43.3,0.0,29.89,7.3,18.3,25.3,34.28,86.2
74.1,42.3,48.1,0.0,30.09,6.9,4.49,9.21,34.28,57.8
66.2,38.3,45.2,0.0,30.26,6.6,4.14,9.21,34.28,52.4
89.8,69.8,50.0,0.0,29.78,7.3,17.9,25.3,34.28,79.4
76.5,56.5,43.0,0.0,30.09,7.2,18.6,25.3,34.28,66.4
93.2,66.2,52.9,0.0,29.89,7.2,13.2,20.8,34.28,80.7
44.6,34.7,36.0,0.1,30.05,5.5,9.44,25.3,34.28,40.7
65.8,45.5,47.6,0.0,30.13,7.0,11.7,16.1,34.28,56.0
91.4,72.1,59.8,0.0,29.71,7.4,22.4,27.5,34.41,81.1
92.3,69.8,53.0,0.0,29.75,7.3,15.5,20.8,29.92,81.1
63.1,37.9,45.7,0.0,30.19,5.7,11.2,23.0,34.28,50.9
71.6,51.8,42.7,0.0,29.91,7.3,11.1,23.0,34.28,62.4
71.1,44.6,49.1,0.0,30.24,6.5,4.83,9.21,34.28,57.9
43.0,37.4,28.4,0.2,30.11,7.8,24.9,34.4,50.52,40.7
60.3,37.6,44.9,0.0,30.04,5.4,8.4,18.3,34.28,49.5
74.5,51.1,44.2,0.0,30.09,7.5,8.63,16.1,34.28,64.1
46.4,34.3,26.9,0.0,29.96,7.7,22.4,27.5,34.41,39.5
89.8,71.6,48.9,0.0,29.77,7.2,18.3,25.3,34.28,81.5
84.2,64.4,47.0,0.0,29.97,6.3,14.6,27.5,34.28,73.2
71.6,50.7,44.7,0.0,29.97,7.6,16.8,23.0,32.22,61.4
66.9,46.4,38.0,0.0,29.91,7.3,13.9,20.8,34.28,57.5
55.4,42.6,44.2,0.3,29.82,7.9,4.6,20.8,34.28,47.6
54.3,39.9,35.6,0.0,30.35,7.2,14.9,23.0,34.28,45.2
50.2,36.1,41.0,0.0,30.12,7.0,4.26,9.21,34.28,44.3
53.8,24.8,32.2,0.0,30.1,6.7,4.37,9.21,34.28,39.3
91.8,71.1,44.8,0.0,29.9,7.4,16.8,23.0,34.28,79.7
54.7,41.0,46.9,0.2,29.76,7.6,8.4,13.8,25.32,48.7
96.8,63.5,51.1,0.0,29.88,7.2,5.75,16.1,34.28,80.0
65.3,38.5,35.5,0.0,30.25,7.4,15.8,25.3,32.22,51.7
88.0,58.1,57.7,0.0,29.95,7.3,9.78,20.8,34.28,74.7
75.9,59.0,47.1,0.0,29.99,7.7,14.9,20.8,34.28,67.0
86.2,57.2,53.2,0.0,29.91,7.6,5.98,9.21,34.28,72.2
94.1,69.8,54.5,0.0,29.74,7.1,22.1,29.9,32.22,85.1
66.2,37.4,43.2,0.0,30.1,5.8,4.95,13.8,34.28,50.3
85.3,67.5,44.1,0.0,29.79,7.5,15.5,27.5,34.28,75.9
67.1,40.8,44.7,0.0,30.14,6.7,9.9,23.0,34.28,53.9
97.2,77.7,54.5,0.0,29.81,7.3,17.6,25.3,34.28,87.0
95.0,63.5,48.9,0.0,29.87,7.3,16.6,25.3,34.28,83.7
97.0,78.4,53.5,0.0,29.84,7.2,17.6,23.0,27.5,86.3
56.3,46.9,45.3,0.0,29.92,7.6,13.1,23.0,34.28,51.7
88.7,64.2,59.3,0.0,29.88,7.2,12.4,25.3,34.28,77.7
70.7,53.6,48.5,0.0,30.03,7.6,13.4,20.8,34.28,61.2
90.7,64.0,54.4,0.0,29.96,7.3,14.2,25.3,34.28,79.0
57.0,36.9,40.7,0.0,30.09,7.5,7.02,16.1,34.28,47.4
93.2,73.6,49.0,0.0,29.83,7.3,21.4,27.5,34.41,83.3
97.3,71.6,56.8,0.0,29.8,7.1,9.09,18.3,34.28,83.7
95.2,66.0,60.2,0.0,29.81,7.3,7.71,18.3,34.28,79.0
71.6,51.8,46.9,0.0,30.05,7.3,14.5,20.8,34.28,61.0
94.5,73.2,55.7,0.0,29.75,7.3,16.0,23.0,29.92,83.8
78.8,50.2,46.5,0.0,29.99,7.4,11.5,18.3,34.28,66.8
96.8,73.8,58.1,0.0,29.73,7.3,14.8,20.8,34.28,84.6
83.5,62.1,52.6,0.0,29.83,8.0,24.1,34.4,48.33,74.6
54.5,44.4,48.0,0.8,30.14,7.2,9.44,16.1,34.28,48.6
41.4,31.8,21.5,0.0,30.42,7.4,17.4,25.3,34.28,36.2
81.0,58.5,58.3,0.0,30.07,7.2,10.3,18.3,34.28,70.1
46.9,28.2,24.2,0.0,30.2,7.3,11.8,20.8,34.28,37.6
49.3,28.8,33.2,0.3,30.08,6.6,4.37,16.1,34.28,38.5
87.8,66.2,54.2,0.0,29.83,7.2,11.6,20.8,34.28,75.6
57.7,43.3,46.3,0.0,29.78,5.3,4.03,9.21,34.28,50.5
76.8,53.6,37.8,0.0,30.1,7.6,10.1,18.3,34.28,64.0
97.2,71.6,58.1,0.0,29.78,7.2,12.8,18.3,34.28,83.5
53.4,39.6,43.0,0.09,29.82,7.2,6.1,13.8,34.28,46.7
95.0,72.5,58.6,0.0,29.85,7.1,19.2,23.0,34.28,83.4
89.4,61.7,57.7,0.0,29.78,7.3,8.98,20.8,34.28,75.0
82.4,62.6,53.7,0.0,29.87,7.3,12.3,20.8,34.28,72.4
68.2,60.1,61.8,0.4,29.94,7.5,4.14,9.21,34.28,64.3
51.6,44.6,39.8,0.3,29.79,7.5,20.1,34.4,43.62,47.5
93.6,72.3,62.1,0.0,29.73,7.1,16.1,23.0,34.28,83.8
59.7,53.6,51.1,0.1,29.74,7.6,7.37,18.3,34.28,55.8
97.2,59.9,53.0,0.0,29.85,7.0,7.71,18.3,34.28,78.1
51.3,37.4,30.2,0.0,30.34,7.2,18.6,27.5,29.92,43.5
84.9,50.7,48.2,0.0,30.12,7.4,4.49,16.1,34.28,66.9
89.6,60.6,49.2,0.0,29.95,7.3,10.0,18.3,34.28,76.5
50.9,32.7,29.4,0.0,30.19,7.5,8.06,13.8,34.28,42.6
75.7,50.7,50.1,0.0,29.96,7.4,6.56,16.1,34.28,62.4
95.0,59.0,54.6,0.0,29.89,7.2,8.29,16.1,34.28,79.8
62.6,28.8,34.8,0.0,30.06,7.1,5.18,11.3,34.28,45.7
95.0,69.6,46.0,0.0,29.81,7.2,14.3,20.8,34.28,81.5
59.0,51.1,52.3,0.3,29.87,7.7,7.83,11.3,34.28,55.5
96.8,64.2,43.3,0.0,29.89,7.3,18.3,25.3,34.28,86.2
60.4,45.0,49.2,0.0,29.83,7.0,12.7,20.8,34.28,52.4
91.4,66.0,49.2,0.0,29.84,7.1,17.4,25.3,34.28,80.1
93.6,58.5,57.1,0.0,29.98,7.3,4.03,16.1,34.28,75.4
88.5,66.0,43.5,0.0,29.89,7.3,10.2,18.3,34.28,76.4
73.6,49.6,50.7,0.0,30.12,6.5,5.06,16.1,34.28,61.7
56.1,39.2,47.8,0.2,29.94,7.2,11.7,25.3,34.28,50.0
64.4,33.6,37.3,0.0,30.14,6.8,3.34,11.3,34.28,48.2
84.7,57.0,55.3,0.0,29.91,7.3,12.2,20.8,34.28,71.4
90.7,59.2,58.6,0.0,29.9,6.1,7.48,13.8,34.28,73.6
49.1,36.7,24.5,0.0,30.38,7.2,20.3,25.3,34.28,42.1
83.8,63.9,51.0,0.0,30.07,7.5,17.8,25.3,34.28,72.9
97.9,62.4,53.1,0.0,29.88,7.3,7.37,18.3,34.28,80.3
86.0,66.0,48.0,0.0,29.75,7.7,9.44,18.3,34.28,74.9
65.1,39.2,35.8,0.0,29.93,7.1,12.7,18.3,34.28,53.7
96.3,68.5,57.9,0.0,29.7,7.3,12.7,57.4,34.28,84.7
61.3,28.8,31.8,0.0,30.25,6.7,3.11,6.9,34.28,43.6
93.4,61.9,54.3,0.0,29.88,7.2,11.7,25.3,34.28,79.6
97.5,68.0,54.9,0.0,29.84,7.3,12.5,25.3,29.92,84.5
63.7,53.6,44.7,0.0,30.01,7.7,19.9,25.3,34.28,57.7
93.2,60.8,53.7,0.0,29.97,6.3,6.67,16.1,34.28,76.1
91.8,61.5,53.7,0.0,29.88,7.3,5.75,13.8,34.28,77.2
60.8,56.3,51.6,0.1,29.97,7.8,16.0,20.8,34.28,58.6
86.0,65.3,50.2,0.0,30.0,7.2,18.1,25.3,34.28,75.8
88.2,68.7,57.8,0.0,29.81,7.3,15.7,25.3,34.28,78.5
97.0,64.4,52.7,0.0,29.81,7.2,11.7,23.0,29.92,82.0
53.6,42.4,42.2,0.0,30.24,9.5,16.1,23.0,34.28,46.8
66.2,36.7,43.7,0.0,30.21,6.4,6.44,11.3,34.28,52.5
92.8,75.4,51.3,0.0,29.74,7.5,18.3,27.5,39.13,83.5
63.7,55.4,48.5,0.0,29.84,7.8,19.1,27.5,34.41,59.9
81.0,54.1,57.0,0.0,30.01,7.1,10.0,16.1,34.28,68.6
59.9,36.1,40.9,0.1,29.88,7.4,3.45,11.3,34.28,47.7
86.7,54.9,49.7,0.0,29.98,7.0,6.79,16.1,34.28,73.1
72.0,52.0,47.9,0.09,29.84,7.9,13.3,20.8,34.28,61.0
93.4,68.0,42.4,0.0,29.91,7.4,17.7,23.0,34.28,82.2
86.0,62.4,56.9,0.0,29.91,7.4,11.5,16.1,34.28,72.3
62.2,44.6,45.9,0.7,29.93,7.6,6.21,13.8,34.28,52.1
54.7,39.0,42.4,0.0,29.96,5.3,1.96,9.21,34.28,45.3
91.6,58.6,55.5,0.0,29.88,7.4,5.75,18.3,34.28,75.1
50.0,26.6,23.1,0.0,30.35,7.0,6.56,16.1,34.28,37.6
86.9,58.3,57.6,0.0,29.98,7.2,5.98,16.1,34.28,72.9
84.2,69.8,53.6,0.0,29.81,7.8,16.2,27.5,34.28,76.4
55.9,30.2,36.2,0.0,30.04,7.7,5.98,13.8,34.28,43.9
52.5,42.8,44.4,0.8,29.85,6.4,11.1,18.3,34.28,47.1
61.3,45.1,42.3,0.0,30.31,7.5,14.0,20.8,34.28,52.0
87.8,68.0,50.3,0.0,29.93,7.2,13.9,20.8,34.28,79.0
57.2,36.9,43.8,0.09,29.96,5.3,4.14,6.9,34.28,49.0
78.8,47.5,42.7,0.0,29.93,7.6,5.18,13.8,34.28,64.5
55.4,37.4,43.4,0.0,30.17,3.1,5.41,13.8,34.28,45.0
46.4,30.2,24.4,0.0,30.01,7.4,17.6,25.3,34.28,38.7
72.1,62.1,53.2,0.0,30.03,7.6,19.6,25.3,34.28,65.2
77.9,48.7,44.5,0.0,30.11,7.5,6.21,16.1,34.28,65.4
54.0,36.3,30.6,0.0,30.06,7.4,17.7,23.0,34.28,44.5
53.6,44.6,48.4,0.09,30.0,5.1,4.37,13.8,34.28,49.1
46.9,18.3,33.5,0.2,29.8,7.5,11.2,23.0,34.28,40.4
70.9,42.8,48.6,0.0,30.13,7.2,2.76,11.3,34.28,55.8
92.7,71.6,63.6,0.0,29.7,7.2,11.7,20.8,34.28,81.6
66.7,47.7,52.5,0.6,30.08,5.2,9.67,17.2,34.28,57.7
61.2,50.5,40.4,0.0,29.99,7.7,19.3,29.9,34.28,54.3
68.9,34.7,36.6,0.0,30.08,6.7,2.99,6.9,34.28,51.3
45.0,32.0,24.7,0.0,30.34,7.3,14.1,20.8,34.28,37.4
86.4,62.4,44.5,0.0,30.02,7.2,15.1,20.8,34.28,75.2
82.4,60.1,38.3,0.0,29.94,7.1,18.5,25.3,34.28,71.6
93.4,73.4,45.1,0.0,29.79,7.2,19.7,25.3,34.41,82.8
76.8,53.6,50.7,0.0,29.9,7.7,12.0,25.3,34.28,67.5
90.7,67.5,48.1,0.0,29.81,7.0,18.9,29.9,34.28,79.2
70.3,53.6,52.7,0.0,29.81,7.8,10.7,18.3,34.28,63.9
95.0,67.8,56.2,0.0,29.73,7.2,16.3,25.3,27.5,84.1
66.2,51.8,52.0,0.0,30.11,7.6,12.8,20.8,34.28,58.0
74.3,43.9,48.0,0.0,29.82,7.2,7.37,13.8,34.28,60.3
64.0,37.0,43.5,0.0,30.2,6.3,2.07,4.72,34.28,48.7
91.4,73.0,57.8,0.0,29.68,7.5,20.4,23.0,29.92,81.8
52.9,35.6,30.9,0.0,30.12,7.4,13.4,18.3,34.28,43.5
57.4,44.6,46.6,0.7,29.67,7.6,6.9,18.3,34.28,50.2
91.4,69.8,51.9,0.0,29.85,7.3,18.9,27.5,34.28,81.6
56.1,37.4,35.1,0.0,30.13,7.9,6.44,18.3,34.28,46.0
69.8,47.3,43.3,0.0,30.06,7.7,9.21,18.3,34.28,57.3
95.9,69.8,58.8,0.0,29.78,7.2,9.78,18.3,34.28,82.2
48.7,35.2,28.1,1.1,29.95,7.8,14.5,20.8,34.28,41.1
55.6,37.4,36.1,0.0,30.3,7.5,12.7,20.8,34.28,46.6
75.2,55.4,47.9,0.0,29.83,7.1,18.6,52.7,34.28,65.0
80.6,61.9,37.4,0.0,29.94,7.1,22.2,57.4,34.28,70.9
80.6,59.9,56.9,0.0,29.78,7.6,10.0,18.3,29.92,72.2
74.5,54.1,48.0,0.0,29.69,7.6,12.0,23.0,34.28,66.9
61.9,36.9,39.5,0.0,30.12,7.3,5.75,11.3,34.28,48.7
76.3,46.8,46.9,0.0,30.09,7.5,3.68,13.8,34.28,61.3
55.6,32.0,33.4,0.1,30.08,7.8,5.52,11.3,34.28,44.9
59.0,48.2,50.9,0.9,29.74,7.7,10.2,18.3,34.28,52.3
88.9,62.8,56.5,0.0,29.85,7.3,11.6,20.8,34.28,76.9
63.3,45.5,39.8,0.0,30.02,7.4,16.6,57.4,34.28,53.5
73.9,53.6,46.4,0.0,29.9,7.7,13.1,20.8,34.28,65.5
61.2,41.0,34.3,0.0,30.18,7.2,14.6,20.8,34.28,51.1
59.0,29.5,29.2,0.0,29.97,7.1,8.4,20.8,34.28,44.6
102.0,78.1,50.5,0.0,29.88,7.2,16.4,23.0,34.28,89.9
95.7,67.3,46.6,0.0,29.94,7.2,17.0,25.3,34.41,81.9
89.6,66.2,56.7,0.0,29.98,7.3,11.2,18.3,34.28,77.2
51.8,37.4,34.9,0.0,30.05,7.4,12.6,18.3,34.28,44.0
89.8,65.3,56.3,0.0,29.79,7.5,15.7,27.5,34.41,80.0
78.3,63.9,54.6,0.0,29.96,7.9,13.2,18.3,34.28,70.3
77.0,49.8,49.1,0.0,30.01,7.4,8.52,16.1,34.28,64.8
93.4,70.5,47.9,0.0,29.88,7.1,19.5,25.3,34.28,80.8
73.0,57.6,53.4,0.0,30.02,7.6,19.1,23.0,34.28,65.1
64.8,48.2,49.3,0.0,30.03,7.8,11.8,18.3,34.28,54.3
53.8,42.8,43.1,1.3,29.94,7.7,13.3,23.0,34.41,47.8
67.6,46.8,48.4,0.0,30.01,7.7,9.9,18.3,34.28,57.3
86.5,66.7,50.6,0.0,29.88,7.6,20.1,25.3,36.94,75.9
72.3,38.8,43.9,0.0,30.18,5.1,3.8,11.3,34.28,52.8
47.1,37.4,32.4,0.7,29.77,7.5,22.4,32.2,46.03,42.1
66.4,42.8,42.2,0.0,29.82,7.2,8.29,23.0,25.32,54.9
84.2,54.5,60.5,0.0,29.87,7.8,17.1,23.0,34.28,76.1
68.0,36.0,42.1,0.0,30.26,4.6,4.37,13.8,34.28,48.3
86.2,70.9,60.8,0.0,29.63,7.4,14.8,27.5,34.28,77.7
64.4,37.4,36.3,0.0,30.04,7.1,3.8,13.8,34.28,51.9
71.2,62.6,60.7,0.2,29.89,7.2,6.79,16.1,34.28,65.2
71.6,41.4,45.5,0.0,30.28,5.5,3.22,9.21,34.28,55.6
57.2,39.4,45.2,0.5,30.09,3.3,3.68,11.3,34.28,47.0
89.1,68.5,52.4,0.0,30.01,7.3,18.5,20.8,34.28,79.0
77.2,50.4,49.3,0.0,30.14,7.7,3.45,6.9,34.28,61.9
64.9,46.4,48.4,0.2,29.97,7.7,9.55,16.1,34.28,53.0
58.8,41.7,46.6,0.0,30.19,6.5,11.1,18.3,34.28,50.3
52.7,47.3,48.1,0.4,29.6,8.1,7.6,16.1,34.28,51.0
63.1,42.6,46.4,0.1,29.97,6.9,9.21,16.1,34.28,53.2
55.4,44.6,46.4,0.8,30.17,7.7,5.06,11.3,34.28,48.3
57.2,37.4,40.3,0.0,30.25,6.3,9.78,18.3,34.28,48.0
48.2,26.6,23.2,0.0,30.31,7.4,8.06,18.3,34.28,39.1
68.9,44.4,44.9,0.0,29.95,7.4,6.44,13.8,34.28,57.8
95.2,61.2,51.2,0.0,29.79,7.3,6.67,16.1,34.28,78.5
70.5,39.6,44.0,0.0,30.16,5.8,4.37,13.8,34.28,53.8
57.7,37.4,36.6,2.8,29.89,7.3,9.9,18.3,34.28,48.8
69.8,42.4,47.9,0.0,30.03,7.2,3.22,9.21,34.28,56.1
90.0,60.6,40.3,0.0,29.85,7.3,5.29,13.8,34.28,75.5
60.8,24.8,34.9,0.0,30.21,7.8,10.1,18.3,34.28,49.5
80.1,57.2,55.3,0.0,29.88,7.7,5.52,13.8,20.83,70.8
50.5,28.4,28.1,0.0,30.34,7.5,13.2,20.8,34.28,39.9
77.0,55.4,42.1,0.0,30.08,7.3,13.9,20.8,29.92,65.8
43.9,33.6,30.2,0.0,30.08,7.8,19.2,25.3,34.28,39.6
77.2,53.2,51.5,0.0,30.09,7.8,6.1,16.1,34.28,64.6
88.7,62.6,58.3,0.0,29.86,7.7,7.02,13.8,34.28,74.0
81.5,51.1,50.7,0.0,29.96,7.1,5.52,13.8,34.28,65.6
64.4,39.7,41.2,0.0,30.09,7.2,7.94,13.8,34.28,52.8
50.0,39.2,41.2,0.0,29.83,7.2,7.37,16.1,34.28,45.9
70.0,55.4,54.0,0.1,29.94,7.3,11.0,18.3,34.28,61.8
100.0,77.9,58.2,0.0,29.69,7.4,16.4,23.0,34.28,88.1
90.9,66.2,47.6,0.0,29.99,7.2,11.2,23.0,34.28,79.2
104.0,70.0,49.0,0.0,29.83,7.1,7.14,13.8,34.28,88.6
93.2,66.0,60.1,0.0,29.68,7.3,10.1,18.3,34.28,81.5
86.4,65.3,52.5,0.0,29.87,7.2,16.2,23.0,34.28,77.3
86.9,60.8,59.7,0.0,29.81,7.7,4.49,13.8,34.28,71.0
59.0,39.7,32.9,0.0,30.19,7.5,18.0,32.2,34.28,48.3
66.4,37.0,41.8,0.0,30.05,7.1,3.91,6.9,34.28,51.4
83.1,47.7,46.1,0.0,29.69,7.3,5.87,13.8,34.28,65.4
84.7,61.3,59.8,0.0,29.8,7.6,10.5,23.0,34.28,73.8
50.0,40.6,33.8,0.0,29.99,7.7,21.0,27.5,39.13,44.3
53.2,22.1,24.4,0.0,30.4,7.5,4.14,11.3,34.28,39.3
56.1,33.1,30.9,0.0,30.3,7.2,12.5,20.8,34.28,44.4
56.1,50.0,50.8,2.2,29.48,7.3,7.83,19.81,34.28,52.4
50.5,26.1,28.7,0.0,30.12,6.7,4.6,11.3,34.28,37.6
68.9,54.0,51.5,0.0,30.0,7.8,12.7,18.3,34.28,62.0
43.2,35.6,28.0,0.0,30.06,7.9,25.8,32.2,46.03,40.1
62.6,47.5,50.1,0.0,29.81,7.8,7.14,13.8,34.28,54.6
82.4,64.2,49.7,0.0,29.81,7.1,13.9,18.3,34.28,73.9
82.8,52.3,47.4,0.0,30.05,7.2,7.25,18.3,34.28,66.7
57.2,27.0,28.0,0.0,30.29,7.1,5.06,13.8,34.28,41.9
93.2,68.4,50.8,0.0,29.78,7.3,17.2,23.0,32.22,81.7
93.2,60.8,57.7,0.0,29.92,7.3,8.98,20.8,34.28,76.0
57.2,44.4,40.7,0.6,30.09,7.8,16.2,27.5,34.28,50.3
97.9,68.0,63.5,0.0,29.72,7.3,5.52,13.8,34.28,81.0
64.9,34.0,30.4,0.0,29.9,7.1,11.6,20.8,29.92,51.3
75.2,53.6,46.9,0.0,29.93,7.3,19.7,25.3,34.28,62.8
77.2,59.0,59.5,0.0,29.84,7.5,8.86,18.3,34.28,66.7
82.9,54.9,52.1,0.1,30.02,7.5,15.3,20.8,34.28,64.0
76.6,59.0,45.9,0.0,30.11,7.3,19.6,25.3,34.28,65.9
50.5,35.8,37.0,0.0,30.1,6.3,14.0,25.3,34.28,43.4
